-- phpMyAdmin SQL Dump
-- version 5.2.1
-- https://www.phpmyadmin.net/
--
-- Host: 127.0.0.1
-- Generation Time: Oct 23, 2024 at 12:06 AM
-- Server version: 10.4.32-MariaDB
-- PHP Version: 8.2.12

SET SQL_MODE = "NO_AUTO_VALUE_ON_ZERO";
START TRANSACTION;
SET time_zone = "+00:00";


/*!40101 SET @OLD_CHARACTER_SET_CLIENT=@@CHARACTER_SET_CLIENT */;
/*!40101 SET @OLD_CHARACTER_SET_RESULTS=@@CHARACTER_SET_RESULTS */;
/*!40101 SET @OLD_COLLATION_CONNECTION=@@COLLATION_CONNECTION */;
/*!40101 SET NAMES utf8mb4 */;

--
-- Database: `sms`
--

-- --------------------------------------------------------

--
-- Table structure for table `blood_groups`
--

CREATE TABLE IF NOT EXISTS `blood_groups` (
  `id` int(10) UNSIGNED NOT NULL AUTO_INCREMENT,
  `name` varchar(255) NOT NULL,
  `created_at` timestamp NULL DEFAULT NULL,
  `updated_at` timestamp NULL DEFAULT NULL,
  PRIMARY KEY (`id`)
) ENGINE=InnoDB AUTO_INCREMENT=9 DEFAULT CHARSET=utf8mb4 COLLATE=utf8mb4_unicode_ci;

--
-- Dumping data for table `blood_groups`
--

INSERT INTO `blood_groups` (`id`, `name`, `created_at`, `updated_at`) VALUES
(1, 'O-', '2024-10-17 14:13:10', '2024-10-17 14:13:10'),
(2, 'O+', '2024-10-17 14:13:10', '2024-10-17 14:13:10'),
(3, 'A+', '2024-10-17 14:13:10', '2024-10-17 14:13:10'),
(4, 'A-', '2024-10-17 14:13:10', '2024-10-17 14:13:10'),
(5, 'B+', '2024-10-17 14:13:10', '2024-10-17 14:13:10'),
(6, 'B-', '2024-10-17 14:13:10', '2024-10-17 14:13:10'),
(7, 'AB+', '2024-10-17 14:13:10', '2024-10-17 14:13:10'),
(8, 'AB-', '2024-10-17 14:13:10', '2024-10-17 14:13:10');

-- --------------------------------------------------------

--
-- Table structure for table `books`
--

CREATE TABLE IF NOT EXISTS `books` (
  `id` int(10) UNSIGNED NOT NULL AUTO_INCREMENT,
  `name` varchar(100) NOT NULL,
  `my_class_id` int(10) UNSIGNED DEFAULT NULL,
  `description` varchar(255) DEFAULT NULL,
  `author` varchar(255) DEFAULT NULL,
  `book_type` varchar(255) DEFAULT NULL,
  `url` varchar(255) DEFAULT NULL,
  `location` varchar(255) DEFAULT NULL,
  `total_copies` int(11) DEFAULT NULL,
  `issued_copies` int(11) DEFAULT NULL,
  `created_at` timestamp NULL DEFAULT NULL,
  `updated_at` timestamp NULL DEFAULT NULL,
  PRIMARY KEY (`id`),
  KEY `books_my_class_id_foreign` (`my_class_id`)
) ENGINE=InnoDB DEFAULT CHARSET=utf8mb4 COLLATE=utf8mb4_unicode_ci;

-- --------------------------------------------------------

--
-- Table structure for table `book_requests`
--

CREATE TABLE IF NOT EXISTS `book_requests` (
  `id` int(10) UNSIGNED NOT NULL AUTO_INCREMENT,
  `book_id` int(10) UNSIGNED NOT NULL,
  `user_id` int(10) UNSIGNED NOT NULL,
  `start_date` varchar(255) NOT NULL,
  `end_date` varchar(255) NOT NULL,
  `returned` varchar(255) NOT NULL DEFAULT '0',
  `status` varchar(255) DEFAULT NULL,
  `created_at` timestamp NULL DEFAULT NULL,
  `updated_at` timestamp NULL DEFAULT NULL,
  PRIMARY KEY (`id`),
  KEY `book_requests_book_id_foreign` (`book_id`),
  KEY `book_requests_user_id_foreign` (`user_id`)
) ENGINE=InnoDB DEFAULT CHARSET=utf8mb4 COLLATE=utf8mb4_unicode_ci;

-- --------------------------------------------------------

--
-- Table structure for table `cache`
--

CREATE TABLE IF NOT EXISTS `cache` (
  `key` varchar(255) NOT NULL,
  `value` mediumtext NOT NULL,
  `expiration` int(11) NOT NULL,
  PRIMARY KEY (`key`)
) ENGINE=InnoDB DEFAULT CHARSET=utf8mb4 COLLATE=utf8mb4_unicode_ci;

-- --------------------------------------------------------

--
-- Table structure for table `cache_locks`
--

CREATE TABLE IF NOT EXISTS `cache_locks` (
  `key` varchar(255) NOT NULL,
  `owner` varchar(255) NOT NULL,
  `expiration` int(11) NOT NULL,
  PRIMARY KEY (`key`)
) ENGINE=InnoDB DEFAULT CHARSET=utf8mb4 COLLATE=utf8mb4_unicode_ci;

-- --------------------------------------------------------

--
-- Table structure for table `class_types`
--

CREATE TABLE IF NOT EXISTS `class_types` (
  `id` int(10) UNSIGNED NOT NULL AUTO_INCREMENT,
  `name` varchar(255) NOT NULL,
  `code` varchar(255) NOT NULL,
  `created_at` timestamp NULL DEFAULT NULL,
  `updated_at` timestamp NULL DEFAULT NULL,
  PRIMARY KEY (`id`)
) ENGINE=InnoDB AUTO_INCREMENT=7 DEFAULT CHARSET=utf8mb4 COLLATE=utf8mb4_unicode_ci;

--
-- Dumping data for table `class_types`
--

INSERT INTO `class_types` (`id`, `name`, `code`, `created_at`, `updated_at`) VALUES
(1, 'Creche', 'C', NULL, NULL),
(2, 'Pre Nursery', 'PN', NULL, NULL),
(3, 'Nursery', 'N', NULL, NULL),
(4, 'Primary', 'P', NULL, NULL),
(5, 'Junior Secondary', 'J', NULL, NULL),
(6, 'Senior Secondary', 'S', NULL, NULL);

-- --------------------------------------------------------

--
-- Table structure for table `dormitories`
--

CREATE TABLE IF NOT EXISTS `dormitories` (
  `id` bigint(20) UNSIGNED NOT NULL AUTO_INCREMENT,
  `name` varchar(255) DEFAULT NULL,
  `created_at` timestamp NULL DEFAULT NULL,
  `updated_at` timestamp NULL DEFAULT NULL,
  PRIMARY KEY (`id`)
) ENGINE=InnoDB AUTO_INCREMENT=6 DEFAULT CHARSET=utf8mb4 COLLATE=utf8mb4_unicode_ci;

--
-- Dumping data for table `dormitories`
--

INSERT INTO `dormitories` (`id`, `name`, `created_at`, `updated_at`) VALUES
(1, 'Faith Hostel', NULL, NULL),
(2, 'Peace Hostel', NULL, NULL),
(3, 'Grace Hostel', NULL, NULL),
(4, 'Success Hostel', NULL, NULL),
(5, 'Trust Hostel', NULL, NULL);

-- --------------------------------------------------------

--
-- Table structure for table `dorms`
--

CREATE TABLE IF NOT EXISTS `dorms` (
  `id` int(10) UNSIGNED NOT NULL AUTO_INCREMENT,
  `name` varchar(100) NOT NULL,
  `description` varchar(255) DEFAULT NULL,
  `created_at` timestamp NULL DEFAULT NULL,
  `updated_at` timestamp NULL DEFAULT NULL,
  PRIMARY KEY (`id`),
  UNIQUE KEY `dorms_name_unique` (`name`)
) ENGINE=InnoDB AUTO_INCREMENT=7 DEFAULT CHARSET=utf8mb4 COLLATE=utf8mb4_unicode_ci;

--
-- Dumping data for table `dorms`
--

INSERT INTO `dorms` (`id`, `name`, `description`, `created_at`, `updated_at`) VALUES
(1, 'Faith Hostel', NULL, NULL, NULL),
(2, 'Peace Hostel', NULL, NULL, NULL),
(3, 'Grace Hostel', NULL, NULL, NULL),
(4, 'Success Hostel', NULL, NULL, NULL),
(5, 'Trust Hostel', NULL, NULL, NULL),
(6, 'Pary Hostel', NULL, '2024-10-17 14:30:11', '2024-10-17 14:30:11');

-- --------------------------------------------------------

--
-- Table structure for table `exams`
--

CREATE TABLE IF NOT EXISTS `exams` (
  `id` int(10) UNSIGNED NOT NULL AUTO_INCREMENT,
  `name` varchar(255) NOT NULL,
  `term` tinyint(4) NOT NULL,
  `year` varchar(40) NOT NULL,
  `created_at` timestamp NULL DEFAULT NULL,
  `updated_at` timestamp NULL DEFAULT NULL,
  PRIMARY KEY (`id`),
  UNIQUE KEY `exams_term_year_unique` (`term`,`year`)
) ENGINE=InnoDB AUTO_INCREMENT=7 DEFAULT CHARSET=utf8mb4 COLLATE=utf8mb4_unicode_ci;

--
-- Dumping data for table `exams`
--

INSERT INTO `exams` (`id`, `name`, `term`, `year`, `created_at`, `updated_at`) VALUES
(1, 'Xmas', 1, '2018-2019', '2024-10-17 17:39:00', '2024-10-17 17:39:00'),
(2, 'Xmas', 1, '2019-2020', '2024-10-17 20:06:55', '2024-10-22 16:41:28'),
(3, 'Lent', 2, '2019-2020', '2024-10-21 09:40:07', '2024-10-21 09:40:07'),
(6, 'Summer', 3, '2019-2020', '2024-10-22 16:41:43', '2024-10-22 16:41:43');

-- --------------------------------------------------------

--
-- Table structure for table `exam_records`
--

CREATE TABLE IF NOT EXISTS `exam_records` (
  `id` int(10) UNSIGNED NOT NULL AUTO_INCREMENT,
  `exam_id` int(10) UNSIGNED NOT NULL,
  `student_id` int(10) UNSIGNED NOT NULL,
  `my_class_id` int(10) UNSIGNED NOT NULL,
  `section_id` int(10) UNSIGNED NOT NULL,
  `total` int(11) DEFAULT NULL,
  `ave` varchar(255) DEFAULT NULL,
  `class_ave` varchar(255) DEFAULT NULL,
  `pos` int(11) DEFAULT NULL,
  `af` varchar(255) DEFAULT NULL,
  `ps` varchar(255) DEFAULT NULL,
  `p_comment` varchar(255) DEFAULT NULL,
  `t_comment` varchar(255) DEFAULT NULL,
  `year` varchar(255) NOT NULL,
  `created_at` timestamp NULL DEFAULT NULL,
  `updated_at` timestamp NULL DEFAULT NULL,
  PRIMARY KEY (`id`),
  KEY `exam_records_exam_id_foreign` (`exam_id`),
  KEY `exam_records_my_class_id_foreign` (`my_class_id`),
  KEY `exam_records_student_id_foreign` (`student_id`),
  KEY `exam_records_section_id_foreign` (`section_id`)
) ENGINE=InnoDB AUTO_INCREMENT=7 DEFAULT CHARSET=utf8mb4 COLLATE=utf8mb4_unicode_ci;

--
-- Dumping data for table `exam_records`
--

INSERT INTO `exam_records` (`id`, `exam_id`, `student_id`, `my_class_id`, `section_id`, `total`, `ave`, `class_ave`, `pos`, `af`, `ps`, `p_comment`, `t_comment`, `year`, `created_at`, `updated_at`) VALUES
(1, 2, 40, 7, 9, 156, '52', '28.4', 1, NULL, NULL, NULL, NULL, '2019-2020', '2024-10-22 18:51:33', '2024-10-22 21:04:59'),
(2, 2, 41, 7, 9, 0, '0', '28.4', 3, NULL, NULL, NULL, NULL, '2019-2020', '2024-10-22 18:51:33', '2024-10-22 21:04:59'),
(3, 2, 42, 7, 9, 100, '100', '28.4', 2, NULL, NULL, NULL, NULL, '2019-2020', '2024-10-22 18:51:33', '2024-10-22 21:04:59'),
(4, 6, 40, 7, 9, 169, '84.5', '28.2', 1, NULL, NULL, NULL, NULL, '2019-2020', '2024-10-22 18:52:09', '2024-10-22 18:53:30'),
(5, 6, 41, 7, 9, 0, '0', '28.2', 2, NULL, NULL, NULL, NULL, '2019-2020', '2024-10-22 18:52:09', '2024-10-22 18:53:30'),
(6, 6, 42, 7, 9, 0, '0', '28.2', 2, NULL, NULL, NULL, NULL, '2019-2020', '2024-10-22 18:52:09', '2024-10-22 18:53:30');

-- --------------------------------------------------------

--
-- Table structure for table `failed_jobs`
--

CREATE TABLE IF NOT EXISTS `failed_jobs` (
  `id` bigint(20) UNSIGNED NOT NULL AUTO_INCREMENT,
  `uuid` varchar(255) NOT NULL,
  `connection` text NOT NULL,
  `queue` text NOT NULL,
  `payload` longtext NOT NULL,
  `exception` longtext NOT NULL,
  `failed_at` timestamp NOT NULL DEFAULT current_timestamp(),
  PRIMARY KEY (`id`),
  UNIQUE KEY `failed_jobs_uuid_unique` (`uuid`)
) ENGINE=InnoDB DEFAULT CHARSET=utf8mb4 COLLATE=utf8mb4_unicode_ci;

-- --------------------------------------------------------

--
-- Table structure for table `grades`
--

CREATE TABLE IF NOT EXISTS `grades` (
  `id` int(10) UNSIGNED NOT NULL AUTO_INCREMENT,
  `name` varchar(40) NOT NULL,
  `class_type_id` int(10) UNSIGNED DEFAULT NULL,
  `mark_from` tinyint(4) NOT NULL,
  `mark_to` tinyint(4) NOT NULL,
  `remark` varchar(40) DEFAULT NULL,
  `created_at` timestamp NULL DEFAULT NULL,
  `updated_at` timestamp NULL DEFAULT NULL,
  PRIMARY KEY (`id`),
  UNIQUE KEY `grades_name_class_type_id_remark_unique` (`name`,`class_type_id`,`remark`),
  KEY `grades_class_type_id_foreign` (`class_type_id`)
) ENGINE=InnoDB AUTO_INCREMENT=7 DEFAULT CHARSET=utf8mb4 COLLATE=utf8mb4_unicode_ci;

--
-- Dumping data for table `grades`
--

INSERT INTO `grades` (`id`, `name`, `class_type_id`, `mark_from`, `mark_to`, `remark`, `created_at`, `updated_at`) VALUES
(1, 'A', NULL, 70, 100, 'Excellent', NULL, NULL),
(2, 'B', NULL, 60, 69, 'Very Good', NULL, NULL),
(3, 'C', NULL, 50, 59, 'Good', NULL, NULL),
(4, 'D', NULL, 45, 49, 'Pass', NULL, NULL),
(5, 'E', NULL, 40, 44, 'Poor', NULL, NULL),
(6, 'F', NULL, 0, 39, 'Fail', NULL, NULL);

-- --------------------------------------------------------

--
-- Table structure for table `jobs`
--

CREATE TABLE IF NOT EXISTS `jobs` (
  `id` bigint(20) UNSIGNED NOT NULL AUTO_INCREMENT,
  `queue` varchar(255) NOT NULL,
  `payload` longtext NOT NULL,
  `attempts` tinyint(3) UNSIGNED NOT NULL,
  `reserved_at` int(10) UNSIGNED DEFAULT NULL,
  `available_at` int(10) UNSIGNED NOT NULL,
  `created_at` int(10) UNSIGNED NOT NULL,
  PRIMARY KEY (`id`),
  KEY `jobs_queue_index` (`queue`)
) ENGINE=InnoDB DEFAULT CHARSET=utf8mb4 COLLATE=utf8mb4_unicode_ci;

-- --------------------------------------------------------

--
-- Table structure for table `job_batches`
--

CREATE TABLE IF NOT EXISTS `job_batches` (
  `id` varchar(255) NOT NULL,
  `name` varchar(255) NOT NULL,
  `total_jobs` int(11) NOT NULL,
  `pending_jobs` int(11) NOT NULL,
  `failed_jobs` int(11) NOT NULL,
  `failed_job_ids` longtext NOT NULL,
  `options` mediumtext DEFAULT NULL,
  `cancelled_at` int(11) DEFAULT NULL,
  `created_at` int(11) NOT NULL,
  `finished_at` int(11) DEFAULT NULL,
  PRIMARY KEY (`id`)
) ENGINE=InnoDB DEFAULT CHARSET=utf8mb4 COLLATE=utf8mb4_unicode_ci;

-- --------------------------------------------------------

--
-- Table structure for table `lgas`
--

CREATE TABLE IF NOT EXISTS `lgas` (
  `id` int(10) UNSIGNED NOT NULL AUTO_INCREMENT,
  `state_id` int(10) UNSIGNED NOT NULL,
  `name` varchar(255) NOT NULL,
  `created_at` timestamp NULL DEFAULT NULL,
  `updated_at` timestamp NULL DEFAULT NULL,
  PRIMARY KEY (`id`),
  KEY `lgas_state_id_foreign` (`state_id`)
) ENGINE=InnoDB AUTO_INCREMENT=1549 DEFAULT CHARSET=utf8mb4 COLLATE=utf8mb4_unicode_ci;

--
-- Dumping data for table `lgas`
--

INSERT INTO `lgas` (`id`, `state_id`, `name`, `created_at`, `updated_at`) VALUES
(775, 1, 'Aba North', '2024-10-17 14:25:20', '2024-10-17 14:25:20'),
(776, 1, 'Aba South', '2024-10-17 14:25:20', '2024-10-17 14:25:20'),
(777, 1, 'Arochukwu', '2024-10-17 14:25:20', '2024-10-17 14:25:20'),
(778, 1, 'Bende', '2024-10-17 14:25:20', '2024-10-17 14:25:20'),
(779, 1, 'Ikwuano', '2024-10-17 14:25:20', '2024-10-17 14:25:20'),
(780, 1, 'Isiala Ngwa North', '2024-10-17 14:25:20', '2024-10-17 14:25:20'),
(781, 1, 'Isiala Ngwa South', '2024-10-17 14:25:20', '2024-10-17 14:25:20'),
(782, 1, 'Isuikwuato', '2024-10-17 14:25:20', '2024-10-17 14:25:20'),
(783, 1, 'Obi Ngwa', '2024-10-17 14:25:20', '2024-10-17 14:25:20'),
(784, 1, 'Ohafia', '2024-10-17 14:25:20', '2024-10-17 14:25:20'),
(785, 1, 'Osisioma', '2024-10-17 14:25:20', '2024-10-17 14:25:20'),
(786, 1, 'Ugwunagbo', '2024-10-17 14:25:20', '2024-10-17 14:25:20'),
(787, 1, 'Ukwa East', '2024-10-17 14:25:20', '2024-10-17 14:25:20'),
(788, 1, 'Ukwa West', '2024-10-17 14:25:20', '2024-10-17 14:25:20'),
(789, 1, 'Umuahia North', '2024-10-17 14:25:20', '2024-10-17 14:25:20'),
(790, 1, 'Umuahia South', '2024-10-17 14:25:20', '2024-10-17 14:25:20'),
(791, 1, 'Umu Nneochi', '2024-10-17 14:25:20', '2024-10-17 14:25:20'),
(792, 2, 'Demsa', '2024-10-17 14:25:20', '2024-10-17 14:25:20'),
(793, 2, 'Fufure', '2024-10-17 14:25:20', '2024-10-17 14:25:20'),
(794, 2, 'Ganye', '2024-10-17 14:25:20', '2024-10-17 14:25:20'),
(795, 2, 'Gayuk', '2024-10-17 14:25:20', '2024-10-17 14:25:20'),
(796, 2, 'Gombi', '2024-10-17 14:25:20', '2024-10-17 14:25:20'),
(797, 2, 'Grie', '2024-10-17 14:25:20', '2024-10-17 14:25:20'),
(798, 2, 'Hong', '2024-10-17 14:25:20', '2024-10-17 14:25:20'),
(799, 2, 'Jada', '2024-10-17 14:25:20', '2024-10-17 14:25:20'),
(800, 2, 'Larmurde', '2024-10-17 14:25:20', '2024-10-17 14:25:20'),
(801, 2, 'Madagali', '2024-10-17 14:25:20', '2024-10-17 14:25:20'),
(802, 2, 'Maiha', '2024-10-17 14:25:20', '2024-10-17 14:25:20'),
(803, 2, 'Mayo Belwa', '2024-10-17 14:25:20', '2024-10-17 14:25:20'),
(804, 2, 'Michika', '2024-10-17 14:25:20', '2024-10-17 14:25:20'),
(805, 2, 'Mubi North', '2024-10-17 14:25:20', '2024-10-17 14:25:20'),
(806, 2, 'Mubi South', '2024-10-17 14:25:20', '2024-10-17 14:25:20'),
(807, 2, 'Numan', '2024-10-17 14:25:20', '2024-10-17 14:25:20'),
(808, 2, 'Shelleng', '2024-10-17 14:25:20', '2024-10-17 14:25:20'),
(809, 2, 'Song', '2024-10-17 14:25:20', '2024-10-17 14:25:20'),
(810, 2, 'Toungo', '2024-10-17 14:25:20', '2024-10-17 14:25:20'),
(811, 2, 'Yola North', '2024-10-17 14:25:20', '2024-10-17 14:25:20'),
(812, 2, 'Yola South', '2024-10-17 14:25:20', '2024-10-17 14:25:20'),
(813, 3, 'Abak', '2024-10-17 14:25:20', '2024-10-17 14:25:20'),
(814, 3, 'Eastern Obolo', '2024-10-17 14:25:20', '2024-10-17 14:25:20'),
(815, 3, 'Eket', '2024-10-17 14:25:20', '2024-10-17 14:25:20'),
(816, 3, 'Esit Eket', '2024-10-17 14:25:20', '2024-10-17 14:25:20'),
(817, 3, 'Essien Udim', '2024-10-17 14:25:20', '2024-10-17 14:25:20'),
(818, 3, 'Etim Ekpo', '2024-10-17 14:25:20', '2024-10-17 14:25:20'),
(819, 3, 'Etinan', '2024-10-17 14:25:20', '2024-10-17 14:25:20'),
(820, 3, 'Ibeno', '2024-10-17 14:25:20', '2024-10-17 14:25:20'),
(821, 3, 'Ibesikpo Asutan', '2024-10-17 14:25:20', '2024-10-17 14:25:20'),
(822, 3, 'Ibiono-Ibom', '2024-10-17 14:25:20', '2024-10-17 14:25:20'),
(823, 3, 'Ika', '2024-10-17 14:25:20', '2024-10-17 14:25:20'),
(824, 3, 'Ikono', '2024-10-17 14:25:20', '2024-10-17 14:25:20'),
(825, 3, 'Ikot Abasi', '2024-10-17 14:25:20', '2024-10-17 14:25:20'),
(826, 3, 'Ikot Ekpene', '2024-10-17 14:25:20', '2024-10-17 14:25:20'),
(827, 3, 'Ini', '2024-10-17 14:25:20', '2024-10-17 14:25:20'),
(828, 3, 'Itu', '2024-10-17 14:25:20', '2024-10-17 14:25:20'),
(829, 3, 'Mbo', '2024-10-17 14:25:20', '2024-10-17 14:25:20'),
(830, 3, 'Mkpat-Enin', '2024-10-17 14:25:20', '2024-10-17 14:25:20'),
(831, 3, 'Nsit-Atai', '2024-10-17 14:25:20', '2024-10-17 14:25:20'),
(832, 3, 'Nsit-Ibom', '2024-10-17 14:25:20', '2024-10-17 14:25:20'),
(833, 3, 'Nsit-Ubium', '2024-10-17 14:25:20', '2024-10-17 14:25:20'),
(834, 3, 'Obot Akara', '2024-10-17 14:25:20', '2024-10-17 14:25:20'),
(835, 3, 'Okobo', '2024-10-17 14:25:20', '2024-10-17 14:25:20'),
(836, 3, 'Onna', '2024-10-17 14:25:20', '2024-10-17 14:25:20'),
(837, 3, 'Oron', '2024-10-17 14:25:20', '2024-10-17 14:25:20'),
(838, 3, 'Oruk Anam', '2024-10-17 14:25:20', '2024-10-17 14:25:20'),
(839, 3, 'Udung-Uko', '2024-10-17 14:25:20', '2024-10-17 14:25:20'),
(840, 3, 'Ukanafun', '2024-10-17 14:25:20', '2024-10-17 14:25:20'),
(841, 3, 'Uruan', '2024-10-17 14:25:20', '2024-10-17 14:25:20'),
(842, 3, 'Urue-Offong/Oruko', '2024-10-17 14:25:20', '2024-10-17 14:25:20'),
(843, 3, 'Uyo', '2024-10-17 14:25:20', '2024-10-17 14:25:20'),
(844, 4, 'Aguata', '2024-10-17 14:25:20', '2024-10-17 14:25:20'),
(845, 4, 'Anambra East', '2024-10-17 14:25:20', '2024-10-17 14:25:20'),
(846, 4, 'Anambra West', '2024-10-17 14:25:20', '2024-10-17 14:25:20'),
(847, 4, 'Anaocha', '2024-10-17 14:25:20', '2024-10-17 14:25:20'),
(848, 4, 'Awka North', '2024-10-17 14:25:20', '2024-10-17 14:25:20'),
(849, 4, 'Awka South', '2024-10-17 14:25:20', '2024-10-17 14:25:20'),
(850, 4, 'Ayamelum', '2024-10-17 14:25:20', '2024-10-17 14:25:20'),
(851, 4, 'Dunukofia', '2024-10-17 14:25:20', '2024-10-17 14:25:20'),
(852, 4, 'Ekwusigo', '2024-10-17 14:25:20', '2024-10-17 14:25:20'),
(853, 4, 'Idemili North', '2024-10-17 14:25:20', '2024-10-17 14:25:20'),
(854, 4, 'Idemili South', '2024-10-17 14:25:20', '2024-10-17 14:25:20'),
(855, 4, 'Ihiala', '2024-10-17 14:25:20', '2024-10-17 14:25:20'),
(856, 4, 'Njikoka', '2024-10-17 14:25:20', '2024-10-17 14:25:20'),
(857, 4, 'Nnewi North', '2024-10-17 14:25:20', '2024-10-17 14:25:20'),
(858, 4, 'Nnewi South', '2024-10-17 14:25:20', '2024-10-17 14:25:20'),
(859, 4, 'Ogbaru', '2024-10-17 14:25:20', '2024-10-17 14:25:20'),
(860, 4, 'Onitsha North', '2024-10-17 14:25:20', '2024-10-17 14:25:20'),
(861, 4, 'Onitsha South', '2024-10-17 14:25:20', '2024-10-17 14:25:20'),
(862, 4, 'Orumba North', '2024-10-17 14:25:20', '2024-10-17 14:25:20'),
(863, 4, 'Orumba South', '2024-10-17 14:25:20', '2024-10-17 14:25:20'),
(864, 4, 'Oyi', '2024-10-17 14:25:20', '2024-10-17 14:25:20'),
(865, 5, 'Alkaleri', '2024-10-17 14:25:20', '2024-10-17 14:25:20'),
(866, 5, 'Bauchi', '2024-10-17 14:25:20', '2024-10-17 14:25:20'),
(867, 5, 'Bogoro', '2024-10-17 14:25:20', '2024-10-17 14:25:20'),
(868, 5, 'Damban', '2024-10-17 14:25:20', '2024-10-17 14:25:20'),
(869, 5, 'Darazo', '2024-10-17 14:25:20', '2024-10-17 14:25:20'),
(870, 5, 'Dass', '2024-10-17 14:25:20', '2024-10-17 14:25:20'),
(871, 5, 'Gamawa', '2024-10-17 14:25:20', '2024-10-17 14:25:20'),
(872, 5, 'Ganjuwa', '2024-10-17 14:25:20', '2024-10-17 14:25:20'),
(873, 5, 'Giade', '2024-10-17 14:25:20', '2024-10-17 14:25:20'),
(874, 5, 'Itas/Gadau', '2024-10-17 14:25:20', '2024-10-17 14:25:20'),
(875, 5, 'Jama\'are', '2024-10-17 14:25:20', '2024-10-17 14:25:20'),
(876, 5, 'Katagum', '2024-10-17 14:25:20', '2024-10-17 14:25:20'),
(877, 5, 'Kirfi', '2024-10-17 14:25:20', '2024-10-17 14:25:20'),
(878, 5, 'Misau', '2024-10-17 14:25:20', '2024-10-17 14:25:20'),
(879, 5, 'Ningi', '2024-10-17 14:25:20', '2024-10-17 14:25:20'),
(880, 5, 'Shira', '2024-10-17 14:25:20', '2024-10-17 14:25:20'),
(881, 5, 'Tafawa Balewa', '2024-10-17 14:25:20', '2024-10-17 14:25:20'),
(882, 5, 'Toro', '2024-10-17 14:25:20', '2024-10-17 14:25:20'),
(883, 5, 'Warji', '2024-10-17 14:25:20', '2024-10-17 14:25:20'),
(884, 5, 'Zaki', '2024-10-17 14:25:20', '2024-10-17 14:25:20'),
(885, 6, 'Brass', '2024-10-17 14:25:20', '2024-10-17 14:25:20'),
(886, 6, 'Ekeremor', '2024-10-17 14:25:20', '2024-10-17 14:25:20'),
(887, 6, 'Kolokuma/Opokuma', '2024-10-17 14:25:20', '2024-10-17 14:25:20'),
(888, 6, 'Nembe', '2024-10-17 14:25:20', '2024-10-17 14:25:20'),
(889, 6, 'Ogbia', '2024-10-17 14:25:21', '2024-10-17 14:25:21'),
(890, 6, 'Sagbama', '2024-10-17 14:25:21', '2024-10-17 14:25:21'),
(891, 6, 'Southern Ijaw', '2024-10-17 14:25:21', '2024-10-17 14:25:21'),
(892, 6, 'Yenagoa', '2024-10-17 14:25:21', '2024-10-17 14:25:21'),
(893, 7, 'Agatu', '2024-10-17 14:25:21', '2024-10-17 14:25:21'),
(894, 7, 'Apa', '2024-10-17 14:25:21', '2024-10-17 14:25:21'),
(895, 7, 'Ado', '2024-10-17 14:25:21', '2024-10-17 14:25:21'),
(896, 7, 'Buruku', '2024-10-17 14:25:21', '2024-10-17 14:25:21'),
(897, 7, 'Gboko', '2024-10-17 14:25:21', '2024-10-17 14:25:21'),
(898, 7, 'Guma', '2024-10-17 14:25:21', '2024-10-17 14:25:21'),
(899, 7, 'Gwer East', '2024-10-17 14:25:21', '2024-10-17 14:25:21'),
(900, 7, 'Gwer West', '2024-10-17 14:25:21', '2024-10-17 14:25:21'),
(901, 7, 'Katsina-Ala', '2024-10-17 14:25:21', '2024-10-17 14:25:21'),
(902, 7, 'Konshisha', '2024-10-17 14:25:21', '2024-10-17 14:25:21'),
(903, 7, 'Kwande', '2024-10-17 14:25:21', '2024-10-17 14:25:21'),
(904, 7, 'Logo', '2024-10-17 14:25:21', '2024-10-17 14:25:21'),
(905, 7, 'Makurdi', '2024-10-17 14:25:21', '2024-10-17 14:25:21'),
(906, 7, 'Obi', '2024-10-17 14:25:21', '2024-10-17 14:25:21'),
(907, 7, 'Ogbadibo', '2024-10-17 14:25:21', '2024-10-17 14:25:21'),
(908, 7, 'Ohimini', '2024-10-17 14:25:21', '2024-10-17 14:25:21'),
(909, 7, 'Oju', '2024-10-17 14:25:21', '2024-10-17 14:25:21'),
(910, 7, 'Okpokwu', '2024-10-17 14:25:21', '2024-10-17 14:25:21'),
(911, 7, 'Oturkpo', '2024-10-17 14:25:21', '2024-10-17 14:25:21'),
(912, 7, 'Tarka', '2024-10-17 14:25:21', '2024-10-17 14:25:21'),
(913, 7, 'Ukum', '2024-10-17 14:25:21', '2024-10-17 14:25:21'),
(914, 7, 'Ushongo', '2024-10-17 14:25:21', '2024-10-17 14:25:21'),
(915, 7, 'Vandeikya', '2024-10-17 14:25:21', '2024-10-17 14:25:21'),
(916, 8, 'Abadam', '2024-10-17 14:25:21', '2024-10-17 14:25:21'),
(917, 8, 'Askira/Uba', '2024-10-17 14:25:21', '2024-10-17 14:25:21'),
(918, 8, 'Bama', '2024-10-17 14:25:21', '2024-10-17 14:25:21'),
(919, 8, 'Bayo', '2024-10-17 14:25:21', '2024-10-17 14:25:21'),
(920, 8, 'Biu', '2024-10-17 14:25:21', '2024-10-17 14:25:21'),
(921, 8, 'Chibok', '2024-10-17 14:25:21', '2024-10-17 14:25:21'),
(922, 8, 'Damboa', '2024-10-17 14:25:21', '2024-10-17 14:25:21'),
(923, 8, 'Dikwa', '2024-10-17 14:25:21', '2024-10-17 14:25:21'),
(924, 8, 'Gubio', '2024-10-17 14:25:21', '2024-10-17 14:25:21'),
(925, 8, 'Guzamala', '2024-10-17 14:25:21', '2024-10-17 14:25:21'),
(926, 8, 'Gwoza', '2024-10-17 14:25:21', '2024-10-17 14:25:21'),
(927, 8, 'Hawul', '2024-10-17 14:25:21', '2024-10-17 14:25:21'),
(928, 8, 'Jere', '2024-10-17 14:25:21', '2024-10-17 14:25:21'),
(929, 8, 'Kaga', '2024-10-17 14:25:21', '2024-10-17 14:25:21'),
(930, 8, 'Kala/Balge', '2024-10-17 14:25:21', '2024-10-17 14:25:21'),
(931, 8, 'Konduga', '2024-10-17 14:25:21', '2024-10-17 14:25:21'),
(932, 8, 'Kukawa', '2024-10-17 14:25:21', '2024-10-17 14:25:21'),
(933, 8, 'Kwaya Kusar', '2024-10-17 14:25:21', '2024-10-17 14:25:21'),
(934, 8, 'Mafa', '2024-10-17 14:25:21', '2024-10-17 14:25:21'),
(935, 8, 'Magumeri', '2024-10-17 14:25:21', '2024-10-17 14:25:21'),
(936, 8, 'Maiduguri', '2024-10-17 14:25:21', '2024-10-17 14:25:21'),
(937, 8, 'Marte', '2024-10-17 14:25:21', '2024-10-17 14:25:21'),
(938, 8, 'Mobbar', '2024-10-17 14:25:21', '2024-10-17 14:25:21'),
(939, 8, 'Monguno', '2024-10-17 14:25:21', '2024-10-17 14:25:21'),
(940, 8, 'Ngala', '2024-10-17 14:25:21', '2024-10-17 14:25:21'),
(941, 8, 'Nganzai', '2024-10-17 14:25:21', '2024-10-17 14:25:21'),
(942, 8, 'Shani', '2024-10-17 14:25:21', '2024-10-17 14:25:21'),
(943, 9, 'Abi', '2024-10-17 14:25:21', '2024-10-17 14:25:21'),
(944, 9, 'Akamkpa', '2024-10-17 14:25:21', '2024-10-17 14:25:21'),
(945, 9, 'Akpabuyo', '2024-10-17 14:25:21', '2024-10-17 14:25:21'),
(946, 9, 'Bakassi', '2024-10-17 14:25:21', '2024-10-17 14:25:21'),
(947, 9, 'Bekwarra', '2024-10-17 14:25:21', '2024-10-17 14:25:21'),
(948, 9, 'Biase', '2024-10-17 14:25:21', '2024-10-17 14:25:21'),
(949, 9, 'Boki', '2024-10-17 14:25:21', '2024-10-17 14:25:21'),
(950, 9, 'Calabar Municipal', '2024-10-17 14:25:21', '2024-10-17 14:25:21'),
(951, 9, 'Calabar South', '2024-10-17 14:25:21', '2024-10-17 14:25:21'),
(952, 9, 'Etung', '2024-10-17 14:25:21', '2024-10-17 14:25:21'),
(953, 9, 'Ikom', '2024-10-17 14:25:21', '2024-10-17 14:25:21'),
(954, 9, 'Obanliku', '2024-10-17 14:25:21', '2024-10-17 14:25:21'),
(955, 9, 'Obubra', '2024-10-17 14:25:21', '2024-10-17 14:25:21'),
(956, 9, 'Obudu', '2024-10-17 14:25:21', '2024-10-17 14:25:21'),
(957, 9, 'Odukpani', '2024-10-17 14:25:21', '2024-10-17 14:25:21'),
(958, 9, 'Ogoja', '2024-10-17 14:25:21', '2024-10-17 14:25:21'),
(959, 9, 'Yakuur', '2024-10-17 14:25:21', '2024-10-17 14:25:21'),
(960, 9, 'Yala', '2024-10-17 14:25:21', '2024-10-17 14:25:21'),
(961, 10, 'Aniocha North', '2024-10-17 14:25:21', '2024-10-17 14:25:21'),
(962, 10, 'Aniocha South', '2024-10-17 14:25:21', '2024-10-17 14:25:21'),
(963, 10, 'Bomadi', '2024-10-17 14:25:21', '2024-10-17 14:25:21'),
(964, 10, 'Burutu', '2024-10-17 14:25:21', '2024-10-17 14:25:21'),
(965, 10, 'Ethiope East', '2024-10-17 14:25:21', '2024-10-17 14:25:21'),
(966, 10, 'Ethiope West', '2024-10-17 14:25:21', '2024-10-17 14:25:21'),
(967, 10, 'Ika North East', '2024-10-17 14:25:21', '2024-10-17 14:25:21'),
(968, 10, 'Ika South', '2024-10-17 14:25:21', '2024-10-17 14:25:21'),
(969, 10, 'Isoko North', '2024-10-17 14:25:21', '2024-10-17 14:25:21'),
(970, 10, 'Isoko South', '2024-10-17 14:25:21', '2024-10-17 14:25:21'),
(971, 10, 'Ndokwa East', '2024-10-17 14:25:21', '2024-10-17 14:25:21'),
(972, 10, 'Ndokwa West', '2024-10-17 14:25:21', '2024-10-17 14:25:21'),
(973, 10, 'Okpe', '2024-10-17 14:25:21', '2024-10-17 14:25:21'),
(974, 10, 'Oshimili North', '2024-10-17 14:25:21', '2024-10-17 14:25:21'),
(975, 10, 'Oshimili South', '2024-10-17 14:25:21', '2024-10-17 14:25:21'),
(976, 10, 'Patani', '2024-10-17 14:25:21', '2024-10-17 14:25:21'),
(977, 10, 'Sapele, Delta', '2024-10-17 14:25:21', '2024-10-17 14:25:21'),
(978, 10, 'Udu', '2024-10-17 14:25:21', '2024-10-17 14:25:21'),
(979, 10, 'Ughelli North', '2024-10-17 14:25:21', '2024-10-17 14:25:21'),
(980, 10, 'Ughelli South', '2024-10-17 14:25:21', '2024-10-17 14:25:21'),
(981, 10, 'Ukwuani', '2024-10-17 14:25:21', '2024-10-17 14:25:21'),
(982, 10, 'Uvwie', '2024-10-17 14:25:21', '2024-10-17 14:25:21'),
(983, 10, 'Warri North', '2024-10-17 14:25:21', '2024-10-17 14:25:21'),
(984, 10, 'Warri South', '2024-10-17 14:25:21', '2024-10-17 14:25:21'),
(985, 10, 'Warri South West', '2024-10-17 14:25:21', '2024-10-17 14:25:21'),
(986, 11, 'Abakaliki', '2024-10-17 14:25:21', '2024-10-17 14:25:21'),
(987, 11, 'Afikpo North', '2024-10-17 14:25:21', '2024-10-17 14:25:21'),
(988, 11, 'Afikpo South', '2024-10-17 14:25:21', '2024-10-17 14:25:21'),
(989, 11, 'Ebonyi', '2024-10-17 14:25:21', '2024-10-17 14:25:21'),
(990, 11, 'Ezza North', '2024-10-17 14:25:21', '2024-10-17 14:25:21'),
(991, 11, 'Ezza South', '2024-10-17 14:25:21', '2024-10-17 14:25:21'),
(992, 11, 'Ikwo', '2024-10-17 14:25:21', '2024-10-17 14:25:21'),
(993, 11, 'Ishielu', '2024-10-17 14:25:21', '2024-10-17 14:25:21'),
(994, 11, 'Ivo', '2024-10-17 14:25:21', '2024-10-17 14:25:21'),
(995, 11, 'Izzi', '2024-10-17 14:25:21', '2024-10-17 14:25:21'),
(996, 11, 'Ohaozara', '2024-10-17 14:25:21', '2024-10-17 14:25:21'),
(997, 11, 'Ohaukwu', '2024-10-17 14:25:21', '2024-10-17 14:25:21'),
(998, 11, 'Onicha', '2024-10-17 14:25:21', '2024-10-17 14:25:21'),
(999, 12, 'Akoko-Edo', '2024-10-17 14:25:21', '2024-10-17 14:25:21'),
(1000, 12, 'Egor', '2024-10-17 14:25:21', '2024-10-17 14:25:21'),
(1001, 12, 'Esan Central', '2024-10-17 14:25:21', '2024-10-17 14:25:21'),
(1002, 12, 'Esan North-East', '2024-10-17 14:25:21', '2024-10-17 14:25:21'),
(1003, 12, 'Esan South-East', '2024-10-17 14:25:21', '2024-10-17 14:25:21'),
(1004, 12, 'Esan West', '2024-10-17 14:25:21', '2024-10-17 14:25:21'),
(1005, 12, 'Etsako Central', '2024-10-17 14:25:21', '2024-10-17 14:25:21'),
(1006, 12, 'Etsako East', '2024-10-17 14:25:21', '2024-10-17 14:25:21'),
(1007, 12, 'Etsako West', '2024-10-17 14:25:21', '2024-10-17 14:25:21'),
(1008, 12, 'Igueben', '2024-10-17 14:25:21', '2024-10-17 14:25:21'),
(1009, 12, 'Ikpoba Okha', '2024-10-17 14:25:21', '2024-10-17 14:25:21'),
(1010, 12, 'Orhionmwon', '2024-10-17 14:25:21', '2024-10-17 14:25:21'),
(1011, 12, 'Oredo', '2024-10-17 14:25:21', '2024-10-17 14:25:21'),
(1012, 12, 'Ovia North-East', '2024-10-17 14:25:21', '2024-10-17 14:25:21'),
(1013, 12, 'Ovia South-West', '2024-10-17 14:25:21', '2024-10-17 14:25:21'),
(1014, 12, 'Owan East', '2024-10-17 14:25:21', '2024-10-17 14:25:21'),
(1015, 12, 'Owan West', '2024-10-17 14:25:21', '2024-10-17 14:25:21'),
(1016, 12, 'Uhunmwonde', '2024-10-17 14:25:21', '2024-10-17 14:25:21'),
(1017, 13, 'Ado Ekiti', '2024-10-17 14:25:21', '2024-10-17 14:25:21'),
(1018, 13, 'Efon', '2024-10-17 14:25:21', '2024-10-17 14:25:21'),
(1019, 13, 'Ekiti East', '2024-10-17 14:25:21', '2024-10-17 14:25:21'),
(1020, 13, 'Ekiti South-West', '2024-10-17 14:25:21', '2024-10-17 14:25:21'),
(1021, 13, 'Ekiti West', '2024-10-17 14:25:21', '2024-10-17 14:25:21'),
(1022, 13, 'Emure', '2024-10-17 14:25:21', '2024-10-17 14:25:21'),
(1023, 13, 'Gbonyin', '2024-10-17 14:25:21', '2024-10-17 14:25:21'),
(1024, 13, 'Ido Osi', '2024-10-17 14:25:21', '2024-10-17 14:25:21'),
(1025, 13, 'Ijero', '2024-10-17 14:25:21', '2024-10-17 14:25:21'),
(1026, 13, 'Ikere', '2024-10-17 14:25:21', '2024-10-17 14:25:21'),
(1027, 13, 'Ikole', '2024-10-17 14:25:21', '2024-10-17 14:25:21'),
(1028, 13, 'Ilejemeje', '2024-10-17 14:25:21', '2024-10-17 14:25:21'),
(1029, 13, 'Irepodun/Ifelodun', '2024-10-17 14:25:21', '2024-10-17 14:25:21'),
(1030, 13, 'Ise/Orun', '2024-10-17 14:25:21', '2024-10-17 14:25:21'),
(1031, 13, 'Moba', '2024-10-17 14:25:21', '2024-10-17 14:25:21'),
(1032, 13, 'Oye', '2024-10-17 14:25:21', '2024-10-17 14:25:21'),
(1033, 14, 'Aninri', '2024-10-17 14:25:21', '2024-10-17 14:25:21'),
(1034, 14, 'Awgu', '2024-10-17 14:25:21', '2024-10-17 14:25:21'),
(1035, 14, 'Enugu East', '2024-10-17 14:25:21', '2024-10-17 14:25:21'),
(1036, 14, 'Enugu North', '2024-10-17 14:25:21', '2024-10-17 14:25:21'),
(1037, 14, 'Enugu South', '2024-10-17 14:25:21', '2024-10-17 14:25:21'),
(1038, 14, 'Ezeagu', '2024-10-17 14:25:21', '2024-10-17 14:25:21'),
(1039, 14, 'Igbo Etiti', '2024-10-17 14:25:21', '2024-10-17 14:25:21'),
(1040, 14, 'Igbo Eze North', '2024-10-17 14:25:21', '2024-10-17 14:25:21'),
(1041, 14, 'Igbo Eze South', '2024-10-17 14:25:21', '2024-10-17 14:25:21'),
(1042, 14, 'Isi Uzo', '2024-10-17 14:25:21', '2024-10-17 14:25:21'),
(1043, 14, 'Nkanu East', '2024-10-17 14:25:21', '2024-10-17 14:25:21'),
(1044, 14, 'Nkanu West', '2024-10-17 14:25:21', '2024-10-17 14:25:21'),
(1045, 14, 'Nsukka', '2024-10-17 14:25:21', '2024-10-17 14:25:21'),
(1046, 14, 'Oji River', '2024-10-17 14:25:21', '2024-10-17 14:25:21'),
(1047, 14, 'Udenu', '2024-10-17 14:25:21', '2024-10-17 14:25:21'),
(1048, 14, 'Udi', '2024-10-17 14:25:21', '2024-10-17 14:25:21'),
(1049, 14, 'Uzo Uwani', '2024-10-17 14:25:21', '2024-10-17 14:25:21'),
(1050, 15, 'Abaji', '2024-10-17 14:25:21', '2024-10-17 14:25:21'),
(1051, 15, 'Bwari', '2024-10-17 14:25:21', '2024-10-17 14:25:21'),
(1052, 15, 'Gwagwalada', '2024-10-17 14:25:21', '2024-10-17 14:25:21'),
(1053, 15, 'Kuje', '2024-10-17 14:25:21', '2024-10-17 14:25:21'),
(1054, 15, 'Kwali', '2024-10-17 14:25:21', '2024-10-17 14:25:21'),
(1055, 15, 'Municipal Area Council', '2024-10-17 14:25:21', '2024-10-17 14:25:21'),
(1056, 16, 'Akko', '2024-10-17 14:25:21', '2024-10-17 14:25:21'),
(1057, 16, 'Balanga', '2024-10-17 14:25:21', '2024-10-17 14:25:21'),
(1058, 16, 'Billiri', '2024-10-17 14:25:21', '2024-10-17 14:25:21'),
(1059, 16, 'Dukku', '2024-10-17 14:25:21', '2024-10-17 14:25:21'),
(1060, 16, 'Funakaye', '2024-10-17 14:25:21', '2024-10-17 14:25:21'),
(1061, 16, 'Gombe', '2024-10-17 14:25:21', '2024-10-17 14:25:21'),
(1062, 16, 'Kaltungo', '2024-10-17 14:25:21', '2024-10-17 14:25:21'),
(1063, 16, 'Kwami', '2024-10-17 14:25:21', '2024-10-17 14:25:21'),
(1064, 16, 'Nafada', '2024-10-17 14:25:21', '2024-10-17 14:25:21'),
(1065, 16, 'Shongom', '2024-10-17 14:25:21', '2024-10-17 14:25:21'),
(1066, 16, 'Yamaltu/Deba', '2024-10-17 14:25:21', '2024-10-17 14:25:21'),
(1067, 17, 'Aboh Mbaise', '2024-10-17 14:25:21', '2024-10-17 14:25:21'),
(1068, 17, 'Ahiazu Mbaise', '2024-10-17 14:25:21', '2024-10-17 14:25:21'),
(1069, 17, 'Ehime Mbano', '2024-10-17 14:25:21', '2024-10-17 14:25:21'),
(1070, 17, 'Ezinihitte', '2024-10-17 14:25:21', '2024-10-17 14:25:21'),
(1071, 17, 'Ideato North', '2024-10-17 14:25:21', '2024-10-17 14:25:21'),
(1072, 17, 'Ideato South', '2024-10-17 14:25:21', '2024-10-17 14:25:21'),
(1073, 17, 'Ihitte/Uboma', '2024-10-17 14:25:21', '2024-10-17 14:25:21'),
(1074, 17, 'Ikeduru', '2024-10-17 14:25:21', '2024-10-17 14:25:21'),
(1075, 17, 'Isiala Mbano', '2024-10-17 14:25:21', '2024-10-17 14:25:21'),
(1076, 17, 'Isu', '2024-10-17 14:25:21', '2024-10-17 14:25:21'),
(1077, 17, 'Mbaitoli', '2024-10-17 14:25:21', '2024-10-17 14:25:21'),
(1078, 17, 'Ngor Okpala', '2024-10-17 14:25:21', '2024-10-17 14:25:21'),
(1079, 17, 'Njaba', '2024-10-17 14:25:21', '2024-10-17 14:25:21'),
(1080, 17, 'Nkwerre', '2024-10-17 14:25:21', '2024-10-17 14:25:21'),
(1081, 17, 'Nwangele', '2024-10-17 14:25:21', '2024-10-17 14:25:21'),
(1082, 17, 'Obowo', '2024-10-17 14:25:21', '2024-10-17 14:25:21'),
(1083, 17, 'Oguta', '2024-10-17 14:25:21', '2024-10-17 14:25:21'),
(1084, 17, 'Ohaji/Egbema', '2024-10-17 14:25:21', '2024-10-17 14:25:21'),
(1085, 17, 'Okigwe', '2024-10-17 14:25:21', '2024-10-17 14:25:21'),
(1086, 17, 'Orlu', '2024-10-17 14:25:21', '2024-10-17 14:25:21'),
(1087, 17, 'Orsu', '2024-10-17 14:25:21', '2024-10-17 14:25:21'),
(1088, 17, 'Oru East', '2024-10-17 14:25:21', '2024-10-17 14:25:21'),
(1089, 17, 'Oru West', '2024-10-17 14:25:21', '2024-10-17 14:25:21'),
(1090, 17, 'Owerri Municipal', '2024-10-17 14:25:21', '2024-10-17 14:25:21'),
(1091, 17, 'Owerri North', '2024-10-17 14:25:21', '2024-10-17 14:25:21'),
(1092, 17, 'Owerri West', '2024-10-17 14:25:21', '2024-10-17 14:25:21'),
(1093, 17, 'Unuimo', '2024-10-17 14:25:21', '2024-10-17 14:25:21'),
(1094, 18, 'Auyo', '2024-10-17 14:25:21', '2024-10-17 14:25:21'),
(1095, 18, 'Babura', '2024-10-17 14:25:21', '2024-10-17 14:25:21'),
(1096, 18, 'Biriniwa', '2024-10-17 14:25:21', '2024-10-17 14:25:21'),
(1097, 18, 'Birnin Kudu', '2024-10-17 14:25:21', '2024-10-17 14:25:21'),
(1098, 18, 'Buji', '2024-10-17 14:25:21', '2024-10-17 14:25:21'),
(1099, 18, 'Dutse', '2024-10-17 14:25:21', '2024-10-17 14:25:21'),
(1100, 18, 'Gagarawa', '2024-10-17 14:25:21', '2024-10-17 14:25:21'),
(1101, 18, 'Garki', '2024-10-17 14:25:21', '2024-10-17 14:25:21'),
(1102, 18, 'Gumel', '2024-10-17 14:25:21', '2024-10-17 14:25:21'),
(1103, 18, 'Guri', '2024-10-17 14:25:21', '2024-10-17 14:25:21'),
(1104, 18, 'Gwaram', '2024-10-17 14:25:21', '2024-10-17 14:25:21'),
(1105, 18, 'Gwiwa', '2024-10-17 14:25:21', '2024-10-17 14:25:21'),
(1106, 18, 'Hadejia', '2024-10-17 14:25:21', '2024-10-17 14:25:21'),
(1107, 18, 'Jahun', '2024-10-17 14:25:21', '2024-10-17 14:25:21'),
(1108, 18, 'Kafin Hausa', '2024-10-17 14:25:21', '2024-10-17 14:25:21'),
(1109, 18, 'Kazaure', '2024-10-17 14:25:21', '2024-10-17 14:25:21'),
(1110, 18, 'Kiri Kasama', '2024-10-17 14:25:21', '2024-10-17 14:25:21'),
(1111, 18, 'Kiyawa', '2024-10-17 14:25:21', '2024-10-17 14:25:21'),
(1112, 18, 'Kaugama', '2024-10-17 14:25:21', '2024-10-17 14:25:21'),
(1113, 18, 'Maigatari', '2024-10-17 14:25:21', '2024-10-17 14:25:21'),
(1114, 18, 'Malam Madori', '2024-10-17 14:25:21', '2024-10-17 14:25:21'),
(1115, 18, 'Miga', '2024-10-17 14:25:21', '2024-10-17 14:25:21'),
(1116, 18, 'Ringim', '2024-10-17 14:25:21', '2024-10-17 14:25:21'),
(1117, 18, 'Roni', '2024-10-17 14:25:21', '2024-10-17 14:25:21'),
(1118, 18, 'Sule Tankarkar', '2024-10-17 14:25:21', '2024-10-17 14:25:21'),
(1119, 18, 'Taura', '2024-10-17 14:25:21', '2024-10-17 14:25:21'),
(1120, 18, 'Yankwashi', '2024-10-17 14:25:21', '2024-10-17 14:25:21'),
(1121, 19, 'Birnin Gwari', '2024-10-17 14:25:21', '2024-10-17 14:25:21'),
(1122, 19, 'Chikun', '2024-10-17 14:25:21', '2024-10-17 14:25:21'),
(1123, 19, 'Giwa', '2024-10-17 14:25:21', '2024-10-17 14:25:21'),
(1124, 19, 'Igabi', '2024-10-17 14:25:21', '2024-10-17 14:25:21'),
(1125, 19, 'Ikara', '2024-10-17 14:25:21', '2024-10-17 14:25:21'),
(1126, 19, 'Jaba', '2024-10-17 14:25:21', '2024-10-17 14:25:21'),
(1127, 19, 'Jema\'a', '2024-10-17 14:25:21', '2024-10-17 14:25:21'),
(1128, 19, 'Kachia', '2024-10-17 14:25:21', '2024-10-17 14:25:21'),
(1129, 19, 'Kaduna North', '2024-10-17 14:25:21', '2024-10-17 14:25:21'),
(1130, 19, 'Kaduna South', '2024-10-17 14:25:21', '2024-10-17 14:25:21'),
(1131, 19, 'Kagarko', '2024-10-17 14:25:21', '2024-10-17 14:25:21'),
(1132, 19, 'Kajuru', '2024-10-17 14:25:21', '2024-10-17 14:25:21'),
(1133, 19, 'Kaura', '2024-10-17 14:25:21', '2024-10-17 14:25:21'),
(1134, 19, 'Kauru', '2024-10-17 14:25:21', '2024-10-17 14:25:21'),
(1135, 19, 'Kubau', '2024-10-17 14:25:21', '2024-10-17 14:25:21'),
(1136, 19, 'Kudan', '2024-10-17 14:25:21', '2024-10-17 14:25:21'),
(1137, 19, 'Lere', '2024-10-17 14:25:21', '2024-10-17 14:25:21'),
(1138, 19, 'Makarfi', '2024-10-17 14:25:21', '2024-10-17 14:25:21'),
(1139, 19, 'Sabon Gari', '2024-10-17 14:25:21', '2024-10-17 14:25:21'),
(1140, 19, 'Sanga', '2024-10-17 14:25:21', '2024-10-17 14:25:21'),
(1141, 19, 'Soba', '2024-10-17 14:25:21', '2024-10-17 14:25:21'),
(1142, 19, 'Zangon Kataf', '2024-10-17 14:25:21', '2024-10-17 14:25:21'),
(1143, 19, 'Zaria', '2024-10-17 14:25:21', '2024-10-17 14:25:21'),
(1144, 20, 'Ajingi', '2024-10-17 14:25:21', '2024-10-17 14:25:21'),
(1145, 20, 'Albasu', '2024-10-17 14:25:21', '2024-10-17 14:25:21'),
(1146, 20, 'Bagwai', '2024-10-17 14:25:21', '2024-10-17 14:25:21'),
(1147, 20, 'Bebeji', '2024-10-17 14:25:21', '2024-10-17 14:25:21'),
(1148, 20, 'Bichi', '2024-10-17 14:25:21', '2024-10-17 14:25:21'),
(1149, 20, 'Bunkure', '2024-10-17 14:25:21', '2024-10-17 14:25:21'),
(1150, 20, 'Dala', '2024-10-17 14:25:21', '2024-10-17 14:25:21'),
(1151, 20, 'Dambatta', '2024-10-17 14:25:21', '2024-10-17 14:25:21'),
(1152, 20, 'Dawakin Kudu', '2024-10-17 14:25:21', '2024-10-17 14:25:21'),
(1153, 20, 'Dawakin Tofa', '2024-10-17 14:25:21', '2024-10-17 14:25:21'),
(1154, 20, 'Doguwa', '2024-10-17 14:25:21', '2024-10-17 14:25:21'),
(1155, 20, 'Fagge', '2024-10-17 14:25:21', '2024-10-17 14:25:21'),
(1156, 20, 'Gabasawa', '2024-10-17 14:25:21', '2024-10-17 14:25:21'),
(1157, 20, 'Garko', '2024-10-17 14:25:21', '2024-10-17 14:25:21'),
(1158, 20, 'Garun Mallam', '2024-10-17 14:25:21', '2024-10-17 14:25:21'),
(1159, 20, 'Gaya', '2024-10-17 14:25:21', '2024-10-17 14:25:21'),
(1160, 20, 'Gezawa', '2024-10-17 14:25:21', '2024-10-17 14:25:21'),
(1161, 20, 'Gwale', '2024-10-17 14:25:21', '2024-10-17 14:25:21'),
(1162, 20, 'Gwarzo', '2024-10-17 14:25:21', '2024-10-17 14:25:21'),
(1163, 20, 'Kabo', '2024-10-17 14:25:21', '2024-10-17 14:25:21'),
(1164, 20, 'Kano Municipal', '2024-10-17 14:25:21', '2024-10-17 14:25:21'),
(1165, 20, 'Karaye', '2024-10-17 14:25:21', '2024-10-17 14:25:21'),
(1166, 20, 'Kibiya', '2024-10-17 14:25:21', '2024-10-17 14:25:21'),
(1167, 20, 'Kiru', '2024-10-17 14:25:21', '2024-10-17 14:25:21'),
(1168, 20, 'Kumbotso', '2024-10-17 14:25:21', '2024-10-17 14:25:21'),
(1169, 20, 'Kunchi', '2024-10-17 14:25:21', '2024-10-17 14:25:21'),
(1170, 20, 'Kura', '2024-10-17 14:25:21', '2024-10-17 14:25:21'),
(1171, 20, 'Madobi', '2024-10-17 14:25:21', '2024-10-17 14:25:21'),
(1172, 20, 'Makoda', '2024-10-17 14:25:21', '2024-10-17 14:25:21'),
(1173, 20, 'Minjibir', '2024-10-17 14:25:21', '2024-10-17 14:25:21'),
(1174, 20, 'Nasarawa', '2024-10-17 14:25:21', '2024-10-17 14:25:21'),
(1175, 20, 'Rano', '2024-10-17 14:25:21', '2024-10-17 14:25:21'),
(1176, 20, 'Rimin Gado', '2024-10-17 14:25:21', '2024-10-17 14:25:21'),
(1177, 20, 'Rogo', '2024-10-17 14:25:21', '2024-10-17 14:25:21'),
(1178, 20, 'Shanono', '2024-10-17 14:25:21', '2024-10-17 14:25:21'),
(1179, 20, 'Sumaila', '2024-10-17 14:25:21', '2024-10-17 14:25:21'),
(1180, 20, 'Takai', '2024-10-17 14:25:21', '2024-10-17 14:25:21'),
(1181, 20, 'Tarauni', '2024-10-17 14:25:21', '2024-10-17 14:25:21'),
(1182, 20, 'Tofa', '2024-10-17 14:25:21', '2024-10-17 14:25:21'),
(1183, 20, 'Tsanyawa', '2024-10-17 14:25:21', '2024-10-17 14:25:21'),
(1184, 20, 'Tudun Wada', '2024-10-17 14:25:21', '2024-10-17 14:25:21'),
(1185, 20, 'Ungogo', '2024-10-17 14:25:21', '2024-10-17 14:25:21'),
(1186, 20, 'Warawa', '2024-10-17 14:25:21', '2024-10-17 14:25:21'),
(1187, 20, 'Wudil', '2024-10-17 14:25:21', '2024-10-17 14:25:21'),
(1188, 21, 'Bakori', '2024-10-17 14:25:21', '2024-10-17 14:25:21'),
(1189, 21, 'Batagarawa', '2024-10-17 14:25:21', '2024-10-17 14:25:21'),
(1190, 21, 'Batsari', '2024-10-17 14:25:21', '2024-10-17 14:25:21'),
(1191, 21, 'Baure', '2024-10-17 14:25:21', '2024-10-17 14:25:21'),
(1192, 21, 'Bindawa', '2024-10-17 14:25:21', '2024-10-17 14:25:21'),
(1193, 21, 'Charanchi', '2024-10-17 14:25:21', '2024-10-17 14:25:21'),
(1194, 21, 'Dandume', '2024-10-17 14:25:21', '2024-10-17 14:25:21'),
(1195, 21, 'Danja', '2024-10-17 14:25:21', '2024-10-17 14:25:21'),
(1196, 21, 'Dan Musa', '2024-10-17 14:25:21', '2024-10-17 14:25:21'),
(1197, 21, 'Daura', '2024-10-17 14:25:21', '2024-10-17 14:25:21'),
(1198, 21, 'Dutsi', '2024-10-17 14:25:21', '2024-10-17 14:25:21'),
(1199, 21, 'Dutsin Ma', '2024-10-17 14:25:21', '2024-10-17 14:25:21'),
(1200, 21, 'Faskari', '2024-10-17 14:25:21', '2024-10-17 14:25:21'),
(1201, 21, 'Funtua', '2024-10-17 14:25:21', '2024-10-17 14:25:21'),
(1202, 21, 'Ingawa', '2024-10-17 14:25:21', '2024-10-17 14:25:21'),
(1203, 21, 'Jibia', '2024-10-17 14:25:21', '2024-10-17 14:25:21'),
(1204, 21, 'Kafur', '2024-10-17 14:25:21', '2024-10-17 14:25:21'),
(1205, 21, 'Kaita', '2024-10-17 14:25:21', '2024-10-17 14:25:21'),
(1206, 21, 'Kankara', '2024-10-17 14:25:21', '2024-10-17 14:25:21'),
(1207, 21, 'Kankia', '2024-10-17 14:25:21', '2024-10-17 14:25:21'),
(1208, 21, 'Katsina', '2024-10-17 14:25:21', '2024-10-17 14:25:21'),
(1209, 21, 'Kurfi', '2024-10-17 14:25:21', '2024-10-17 14:25:21'),
(1210, 21, 'Kusada', '2024-10-17 14:25:21', '2024-10-17 14:25:21'),
(1211, 21, 'Mai\'Adua', '2024-10-17 14:25:21', '2024-10-17 14:25:21'),
(1212, 21, 'Malumfashi', '2024-10-17 14:25:21', '2024-10-17 14:25:21'),
(1213, 21, 'Mani', '2024-10-17 14:25:21', '2024-10-17 14:25:21'),
(1214, 21, 'Mashi', '2024-10-17 14:25:21', '2024-10-17 14:25:21'),
(1215, 21, 'Matazu', '2024-10-17 14:25:21', '2024-10-17 14:25:21'),
(1216, 21, 'Musawa', '2024-10-17 14:25:21', '2024-10-17 14:25:21'),
(1217, 21, 'Rimi', '2024-10-17 14:25:21', '2024-10-17 14:25:21'),
(1218, 21, 'Sabuwa', '2024-10-17 14:25:21', '2024-10-17 14:25:21'),
(1219, 21, 'Safana', '2024-10-17 14:25:21', '2024-10-17 14:25:21'),
(1220, 21, 'Sandamu', '2024-10-17 14:25:21', '2024-10-17 14:25:21'),
(1221, 21, 'Zango', '2024-10-17 14:25:21', '2024-10-17 14:25:21'),
(1222, 22, 'Aleiro', '2024-10-17 14:25:21', '2024-10-17 14:25:21'),
(1223, 22, 'Arewa Dandi', '2024-10-17 14:25:21', '2024-10-17 14:25:21'),
(1224, 22, 'Argungu', '2024-10-17 14:25:21', '2024-10-17 14:25:21'),
(1225, 22, 'Augie', '2024-10-17 14:25:21', '2024-10-17 14:25:21'),
(1226, 22, 'Bagudo', '2024-10-17 14:25:21', '2024-10-17 14:25:21'),
(1227, 22, 'Birnin Kebbi', '2024-10-17 14:25:21', '2024-10-17 14:25:21'),
(1228, 22, 'Bunza', '2024-10-17 14:25:21', '2024-10-17 14:25:21'),
(1229, 22, 'Dandi', '2024-10-17 14:25:21', '2024-10-17 14:25:21'),
(1230, 22, 'Fakai', '2024-10-17 14:25:21', '2024-10-17 14:25:21'),
(1231, 22, 'Gwandu', '2024-10-17 14:25:21', '2024-10-17 14:25:21'),
(1232, 22, 'Jega', '2024-10-17 14:25:21', '2024-10-17 14:25:21'),
(1233, 22, 'Kalgo', '2024-10-17 14:25:21', '2024-10-17 14:25:21'),
(1234, 22, 'Koko/Besse', '2024-10-17 14:25:21', '2024-10-17 14:25:21'),
(1235, 22, 'Maiyama', '2024-10-17 14:25:21', '2024-10-17 14:25:21'),
(1236, 22, 'Ngaski', '2024-10-17 14:25:21', '2024-10-17 14:25:21'),
(1237, 22, 'Sakaba', '2024-10-17 14:25:21', '2024-10-17 14:25:21'),
(1238, 22, 'Shanga', '2024-10-17 14:25:21', '2024-10-17 14:25:21'),
(1239, 22, 'Suru', '2024-10-17 14:25:21', '2024-10-17 14:25:21'),
(1240, 22, 'Wasagu/Danko', '2024-10-17 14:25:21', '2024-10-17 14:25:21'),
(1241, 22, 'Yauri', '2024-10-17 14:25:21', '2024-10-17 14:25:21'),
(1242, 22, 'Zuru', '2024-10-17 14:25:21', '2024-10-17 14:25:21'),
(1243, 23, 'Adavi', '2024-10-17 14:25:21', '2024-10-17 14:25:21'),
(1244, 23, 'Ajaokuta', '2024-10-17 14:25:21', '2024-10-17 14:25:21'),
(1245, 23, 'Ankpa', '2024-10-17 14:25:21', '2024-10-17 14:25:21'),
(1246, 23, 'Bassa', '2024-10-17 14:25:21', '2024-10-17 14:25:21'),
(1247, 23, 'Dekina', '2024-10-17 14:25:21', '2024-10-17 14:25:21'),
(1248, 23, 'Ibaji', '2024-10-17 14:25:21', '2024-10-17 14:25:21'),
(1249, 23, 'Idah', '2024-10-17 14:25:21', '2024-10-17 14:25:21'),
(1250, 23, 'Igalamela Odolu', '2024-10-17 14:25:21', '2024-10-17 14:25:21'),
(1251, 23, 'Ijumu', '2024-10-17 14:25:21', '2024-10-17 14:25:21'),
(1252, 23, 'Kabba/Bunu', '2024-10-17 14:25:21', '2024-10-17 14:25:21'),
(1253, 23, 'Kogi', '2024-10-17 14:25:21', '2024-10-17 14:25:21'),
(1254, 23, 'Lokoja', '2024-10-17 14:25:21', '2024-10-17 14:25:21'),
(1255, 23, 'Mopa Muro', '2024-10-17 14:25:21', '2024-10-17 14:25:21'),
(1256, 23, 'Ofu', '2024-10-17 14:25:21', '2024-10-17 14:25:21'),
(1257, 23, 'Ogori/Magongo', '2024-10-17 14:25:21', '2024-10-17 14:25:21'),
(1258, 23, 'Okehi', '2024-10-17 14:25:21', '2024-10-17 14:25:21'),
(1259, 23, 'Okene', '2024-10-17 14:25:21', '2024-10-17 14:25:21'),
(1260, 23, 'Olamaboro', '2024-10-17 14:25:21', '2024-10-17 14:25:21'),
(1261, 23, 'Omala', '2024-10-17 14:25:21', '2024-10-17 14:25:21'),
(1262, 23, 'Yagba East', '2024-10-17 14:25:21', '2024-10-17 14:25:21'),
(1263, 23, 'Yagba West', '2024-10-17 14:25:21', '2024-10-17 14:25:21'),
(1264, 24, 'Asa', '2024-10-17 14:25:21', '2024-10-17 14:25:21'),
(1265, 24, 'Baruten', '2024-10-17 14:25:21', '2024-10-17 14:25:21'),
(1266, 24, 'Edu', '2024-10-17 14:25:21', '2024-10-17 14:25:21'),
(1267, 24, 'Ekiti, Kwara State', '2024-10-17 14:25:21', '2024-10-17 14:25:21'),
(1268, 24, 'Ifelodun', '2024-10-17 14:25:21', '2024-10-17 14:25:21'),
(1269, 24, 'Ilorin East', '2024-10-17 14:25:21', '2024-10-17 14:25:21'),
(1270, 24, 'Ilorin South', '2024-10-17 14:25:21', '2024-10-17 14:25:21'),
(1271, 24, 'Ilorin West', '2024-10-17 14:25:21', '2024-10-17 14:25:21'),
(1272, 24, 'Irepodun', '2024-10-17 14:25:21', '2024-10-17 14:25:21'),
(1273, 24, 'Isin', '2024-10-17 14:25:21', '2024-10-17 14:25:21'),
(1274, 24, 'Kaiama', '2024-10-17 14:25:21', '2024-10-17 14:25:21'),
(1275, 24, 'Moro', '2024-10-17 14:25:21', '2024-10-17 14:25:21'),
(1276, 24, 'Offa', '2024-10-17 14:25:21', '2024-10-17 14:25:21'),
(1277, 24, 'Oke Ero', '2024-10-17 14:25:21', '2024-10-17 14:25:21'),
(1278, 24, 'Oyun', '2024-10-17 14:25:21', '2024-10-17 14:25:21'),
(1279, 24, 'Pategi', '2024-10-17 14:25:21', '2024-10-17 14:25:21'),
(1280, 25, 'Agege', '2024-10-17 14:25:21', '2024-10-17 14:25:21'),
(1281, 25, 'Ajeromi-Ifelodun', '2024-10-17 14:25:21', '2024-10-17 14:25:21'),
(1282, 25, 'Alimosho', '2024-10-17 14:25:21', '2024-10-17 14:25:21'),
(1283, 25, 'Amuwo-Odofin', '2024-10-17 14:25:21', '2024-10-17 14:25:21'),
(1284, 25, 'Apapa', '2024-10-17 14:25:21', '2024-10-17 14:25:21'),
(1285, 25, 'Badagry', '2024-10-17 14:25:21', '2024-10-17 14:25:21'),
(1286, 25, 'Epe', '2024-10-17 14:25:21', '2024-10-17 14:25:21'),
(1287, 25, 'Eti Osa', '2024-10-17 14:25:21', '2024-10-17 14:25:21'),
(1288, 25, 'Ibeju-Lekki', '2024-10-17 14:25:21', '2024-10-17 14:25:21'),
(1289, 25, 'Ifako-Ijaiye', '2024-10-17 14:25:21', '2024-10-17 14:25:21'),
(1290, 25, 'Ikeja', '2024-10-17 14:25:21', '2024-10-17 14:25:21'),
(1291, 25, 'Ikorodu', '2024-10-17 14:25:21', '2024-10-17 14:25:21'),
(1292, 25, 'Kosofe', '2024-10-17 14:25:21', '2024-10-17 14:25:21'),
(1293, 25, 'Lagos Island', '2024-10-17 14:25:21', '2024-10-17 14:25:21'),
(1294, 25, 'Lagos Mainland', '2024-10-17 14:25:21', '2024-10-17 14:25:21'),
(1295, 25, 'Mushin', '2024-10-17 14:25:21', '2024-10-17 14:25:21'),
(1296, 25, 'Ojo', '2024-10-17 14:25:21', '2024-10-17 14:25:21'),
(1297, 25, 'Oshodi-Isolo', '2024-10-17 14:25:21', '2024-10-17 14:25:21'),
(1298, 25, 'Shomolu', '2024-10-17 14:25:21', '2024-10-17 14:25:21'),
(1299, 25, 'Surulere, Lagos State', '2024-10-17 14:25:21', '2024-10-17 14:25:21'),
(1300, 26, 'Akwanga', '2024-10-17 14:25:21', '2024-10-17 14:25:21'),
(1301, 26, 'Awe', '2024-10-17 14:25:21', '2024-10-17 14:25:21'),
(1302, 26, 'Doma', '2024-10-17 14:25:21', '2024-10-17 14:25:21'),
(1303, 26, 'Karu', '2024-10-17 14:25:21', '2024-10-17 14:25:21'),
(1304, 26, 'Keana', '2024-10-17 14:25:21', '2024-10-17 14:25:21'),
(1305, 26, 'Keffi', '2024-10-17 14:25:21', '2024-10-17 14:25:21'),
(1306, 26, 'Kokona', '2024-10-17 14:25:21', '2024-10-17 14:25:21'),
(1307, 26, 'Lafia', '2024-10-17 14:25:21', '2024-10-17 14:25:21'),
(1308, 26, 'Nasarawa', '2024-10-17 14:25:21', '2024-10-17 14:25:21'),
(1309, 26, 'Nasarawa Egon', '2024-10-17 14:25:21', '2024-10-17 14:25:21'),
(1310, 26, 'Obi', '2024-10-17 14:25:21', '2024-10-17 14:25:21'),
(1311, 26, 'Toto', '2024-10-17 14:25:21', '2024-10-17 14:25:21'),
(1312, 26, 'Wamba', '2024-10-17 14:25:21', '2024-10-17 14:25:21'),
(1313, 27, 'Agaie', '2024-10-17 14:25:21', '2024-10-17 14:25:21'),
(1314, 27, 'Agwara', '2024-10-17 14:25:21', '2024-10-17 14:25:21'),
(1315, 27, 'Bida', '2024-10-17 14:25:21', '2024-10-17 14:25:21'),
(1316, 27, 'Borgu', '2024-10-17 14:25:21', '2024-10-17 14:25:21'),
(1317, 27, 'Bosso', '2024-10-17 14:25:21', '2024-10-17 14:25:21'),
(1318, 27, 'Chanchaga', '2024-10-17 14:25:21', '2024-10-17 14:25:21'),
(1319, 27, 'Edati', '2024-10-17 14:25:21', '2024-10-17 14:25:21'),
(1320, 27, 'Gbako', '2024-10-17 14:25:21', '2024-10-17 14:25:21'),
(1321, 27, 'Gurara', '2024-10-17 14:25:21', '2024-10-17 14:25:21'),
(1322, 27, 'Katcha', '2024-10-17 14:25:21', '2024-10-17 14:25:21'),
(1323, 27, 'Kontagora', '2024-10-17 14:25:21', '2024-10-17 14:25:21'),
(1324, 27, 'Lapai', '2024-10-17 14:25:21', '2024-10-17 14:25:21'),
(1325, 27, 'Lavun', '2024-10-17 14:25:21', '2024-10-17 14:25:21'),
(1326, 27, 'Magama', '2024-10-17 14:25:21', '2024-10-17 14:25:21'),
(1327, 27, 'Mariga', '2024-10-17 14:25:21', '2024-10-17 14:25:21'),
(1328, 27, 'Mashegu', '2024-10-17 14:25:21', '2024-10-17 14:25:21'),
(1329, 27, 'Mokwa', '2024-10-17 14:25:21', '2024-10-17 14:25:21'),
(1330, 27, 'Moya', '2024-10-17 14:25:21', '2024-10-17 14:25:21'),
(1331, 27, 'Paikoro', '2024-10-17 14:25:21', '2024-10-17 14:25:21'),
(1332, 27, 'Rafi', '2024-10-17 14:25:21', '2024-10-17 14:25:21'),
(1333, 27, 'Rijau', '2024-10-17 14:25:21', '2024-10-17 14:25:21'),
(1334, 27, 'Shiroro', '2024-10-17 14:25:21', '2024-10-17 14:25:21'),
(1335, 27, 'Suleja', '2024-10-17 14:25:21', '2024-10-17 14:25:21'),
(1336, 27, 'Tafa', '2024-10-17 14:25:21', '2024-10-17 14:25:21'),
(1337, 27, 'Wushishi', '2024-10-17 14:25:21', '2024-10-17 14:25:21'),
(1338, 28, 'Abeokuta North', '2024-10-17 14:25:21', '2024-10-17 14:25:21'),
(1339, 28, 'Abeokuta South', '2024-10-17 14:25:21', '2024-10-17 14:25:21'),
(1340, 28, 'Ado-Odo/Ota', '2024-10-17 14:25:21', '2024-10-17 14:25:21'),
(1341, 28, 'Egbado North', '2024-10-17 14:25:21', '2024-10-17 14:25:21'),
(1342, 28, 'Egbado South', '2024-10-17 14:25:21', '2024-10-17 14:25:21'),
(1343, 28, 'Ewekoro', '2024-10-17 14:25:21', '2024-10-17 14:25:21'),
(1344, 28, 'Ifo', '2024-10-17 14:25:21', '2024-10-17 14:25:21'),
(1345, 28, 'Ijebu East', '2024-10-17 14:25:21', '2024-10-17 14:25:21'),
(1346, 28, 'Ijebu North', '2024-10-17 14:25:21', '2024-10-17 14:25:21'),
(1347, 28, 'Ijebu North East', '2024-10-17 14:25:21', '2024-10-17 14:25:21'),
(1348, 28, 'Ijebu Ode', '2024-10-17 14:25:21', '2024-10-17 14:25:21'),
(1349, 28, 'Ikenne', '2024-10-17 14:25:21', '2024-10-17 14:25:21'),
(1350, 28, 'Imeko Afon', '2024-10-17 14:25:21', '2024-10-17 14:25:21'),
(1351, 28, 'Ipokia', '2024-10-17 14:25:21', '2024-10-17 14:25:21'),
(1352, 28, 'Obafemi Owode', '2024-10-17 14:25:21', '2024-10-17 14:25:21'),
(1353, 28, 'Odeda', '2024-10-17 14:25:21', '2024-10-17 14:25:21'),
(1354, 28, 'Odogbolu', '2024-10-17 14:25:21', '2024-10-17 14:25:21'),
(1355, 28, 'Ogun Waterside', '2024-10-17 14:25:21', '2024-10-17 14:25:21'),
(1356, 28, 'Remo North', '2024-10-17 14:25:21', '2024-10-17 14:25:21'),
(1357, 28, 'Shagamu', '2024-10-17 14:25:21', '2024-10-17 14:25:21'),
(1358, 29, 'Akoko North-East', '2024-10-17 14:25:21', '2024-10-17 14:25:21'),
(1359, 29, 'Akoko North-West', '2024-10-17 14:25:21', '2024-10-17 14:25:21'),
(1360, 29, 'Akoko South-West', '2024-10-17 14:25:21', '2024-10-17 14:25:21'),
(1361, 29, 'Akoko South-East', '2024-10-17 14:25:21', '2024-10-17 14:25:21'),
(1362, 29, 'Akure North', '2024-10-17 14:25:21', '2024-10-17 14:25:21'),
(1363, 29, 'Akure South', '2024-10-17 14:25:21', '2024-10-17 14:25:21'),
(1364, 29, 'Ese Odo', '2024-10-17 14:25:21', '2024-10-17 14:25:21'),
(1365, 29, 'Idanre', '2024-10-17 14:25:21', '2024-10-17 14:25:21'),
(1366, 29, 'Ifedore', '2024-10-17 14:25:21', '2024-10-17 14:25:21'),
(1367, 29, 'Ilaje', '2024-10-17 14:25:21', '2024-10-17 14:25:21'),
(1368, 29, 'Ile Oluji/Okeigbo', '2024-10-17 14:25:21', '2024-10-17 14:25:21'),
(1369, 29, 'Irele', '2024-10-17 14:25:21', '2024-10-17 14:25:21'),
(1370, 29, 'Odigbo', '2024-10-17 14:25:21', '2024-10-17 14:25:21'),
(1371, 29, 'Okitipupa', '2024-10-17 14:25:21', '2024-10-17 14:25:21'),
(1372, 29, 'Ondo East', '2024-10-17 14:25:21', '2024-10-17 14:25:21'),
(1373, 29, 'Ondo West', '2024-10-17 14:25:21', '2024-10-17 14:25:21'),
(1374, 29, 'Ose', '2024-10-17 14:25:21', '2024-10-17 14:25:21'),
(1375, 29, 'Owo', '2024-10-17 14:25:21', '2024-10-17 14:25:21'),
(1376, 30, 'Atakunmosa East', '2024-10-17 14:25:21', '2024-10-17 14:25:21'),
(1377, 30, 'Atakunmosa West', '2024-10-17 14:25:21', '2024-10-17 14:25:21'),
(1378, 30, 'Aiyedaade', '2024-10-17 14:25:21', '2024-10-17 14:25:21'),
(1379, 30, 'Aiyedire', '2024-10-17 14:25:21', '2024-10-17 14:25:21'),
(1380, 30, 'Boluwaduro', '2024-10-17 14:25:21', '2024-10-17 14:25:21'),
(1381, 30, 'Boripe', '2024-10-17 14:25:21', '2024-10-17 14:25:21'),
(1382, 30, 'Ede North', '2024-10-17 14:25:21', '2024-10-17 14:25:21'),
(1383, 30, 'Ede South', '2024-10-17 14:25:21', '2024-10-17 14:25:21'),
(1384, 30, 'Ife Central', '2024-10-17 14:25:21', '2024-10-17 14:25:21'),
(1385, 30, 'Ife East', '2024-10-17 14:25:21', '2024-10-17 14:25:21'),
(1386, 30, 'Ife North', '2024-10-17 14:25:21', '2024-10-17 14:25:21'),
(1387, 30, 'Ife South', '2024-10-17 14:25:21', '2024-10-17 14:25:21'),
(1388, 30, 'Egbedore', '2024-10-17 14:25:21', '2024-10-17 14:25:21'),
(1389, 30, 'Ejigbo', '2024-10-17 14:25:21', '2024-10-17 14:25:21'),
(1390, 30, 'Ifedayo', '2024-10-17 14:25:21', '2024-10-17 14:25:21'),
(1391, 30, 'Ifelodun', '2024-10-17 14:25:21', '2024-10-17 14:25:21'),
(1392, 30, 'Ila', '2024-10-17 14:25:21', '2024-10-17 14:25:21'),
(1393, 30, 'Ilesa East', '2024-10-17 14:25:21', '2024-10-17 14:25:21'),
(1394, 30, 'Ilesa West', '2024-10-17 14:25:21', '2024-10-17 14:25:21'),
(1395, 30, 'Irepodun', '2024-10-17 14:25:21', '2024-10-17 14:25:21'),
(1396, 30, 'Irewole', '2024-10-17 14:25:21', '2024-10-17 14:25:21'),
(1397, 30, 'Isokan', '2024-10-17 14:25:21', '2024-10-17 14:25:21'),
(1398, 30, 'Iwo', '2024-10-17 14:25:21', '2024-10-17 14:25:21'),
(1399, 30, 'Obokun', '2024-10-17 14:25:21', '2024-10-17 14:25:21'),
(1400, 30, 'Odo Otin', '2024-10-17 14:25:21', '2024-10-17 14:25:21'),
(1401, 30, 'Ola Oluwa', '2024-10-17 14:25:21', '2024-10-17 14:25:21'),
(1402, 30, 'Olorunda', '2024-10-17 14:25:21', '2024-10-17 14:25:21'),
(1403, 30, 'Oriade', '2024-10-17 14:25:21', '2024-10-17 14:25:21'),
(1404, 30, 'Orolu', '2024-10-17 14:25:21', '2024-10-17 14:25:21'),
(1405, 30, 'Osogbo', '2024-10-17 14:25:21', '2024-10-17 14:25:21'),
(1406, 31, 'Afijio', '2024-10-17 14:25:21', '2024-10-17 14:25:21'),
(1407, 31, 'Akinyele', '2024-10-17 14:25:21', '2024-10-17 14:25:21'),
(1408, 31, 'Atiba', '2024-10-17 14:25:21', '2024-10-17 14:25:21'),
(1409, 31, 'Atisbo', '2024-10-17 14:25:21', '2024-10-17 14:25:21'),
(1410, 31, 'Egbeda', '2024-10-17 14:25:21', '2024-10-17 14:25:21'),
(1411, 31, 'Ibadan North', '2024-10-17 14:25:21', '2024-10-17 14:25:21'),
(1412, 31, 'Ibadan North-East', '2024-10-17 14:25:21', '2024-10-17 14:25:21'),
(1413, 31, 'Ibadan North-West', '2024-10-17 14:25:21', '2024-10-17 14:25:21'),
(1414, 31, 'Ibadan South-East', '2024-10-17 14:25:21', '2024-10-17 14:25:21'),
(1415, 31, 'Ibadan South-West', '2024-10-17 14:25:21', '2024-10-17 14:25:21'),
(1416, 31, 'Ibarapa Central', '2024-10-17 14:25:21', '2024-10-17 14:25:21'),
(1417, 31, 'Ibarapa East', '2024-10-17 14:25:21', '2024-10-17 14:25:21'),
(1418, 31, 'Ibarapa North', '2024-10-17 14:25:21', '2024-10-17 14:25:21'),
(1419, 31, 'Ido', '2024-10-17 14:25:21', '2024-10-17 14:25:21'),
(1420, 31, 'Irepo', '2024-10-17 14:25:21', '2024-10-17 14:25:21'),
(1421, 31, 'Iseyin', '2024-10-17 14:25:21', '2024-10-17 14:25:21'),
(1422, 31, 'Itesiwaju', '2024-10-17 14:25:21', '2024-10-17 14:25:21'),
(1423, 31, 'Iwajowa', '2024-10-17 14:25:21', '2024-10-17 14:25:21'),
(1424, 31, 'Kajola', '2024-10-17 14:25:21', '2024-10-17 14:25:21'),
(1425, 31, 'Lagelu', '2024-10-17 14:25:21', '2024-10-17 14:25:21'),
(1426, 31, 'Ogbomosho North', '2024-10-17 14:25:21', '2024-10-17 14:25:21'),
(1427, 31, 'Ogbomosho South', '2024-10-17 14:25:21', '2024-10-17 14:25:21'),
(1428, 31, 'Ogo Oluwa', '2024-10-17 14:25:21', '2024-10-17 14:25:21'),
(1429, 31, 'Olorunsogo', '2024-10-17 14:25:21', '2024-10-17 14:25:21'),
(1430, 31, 'Oluyole', '2024-10-17 14:25:21', '2024-10-17 14:25:21'),
(1431, 31, 'Ona Ara', '2024-10-17 14:25:21', '2024-10-17 14:25:21'),
(1432, 31, 'Orelope', '2024-10-17 14:25:21', '2024-10-17 14:25:21'),
(1433, 31, 'Ori Ire', '2024-10-17 14:25:21', '2024-10-17 14:25:21'),
(1434, 31, 'Oyo', '2024-10-17 14:25:21', '2024-10-17 14:25:21'),
(1435, 31, 'Oyo East', '2024-10-17 14:25:21', '2024-10-17 14:25:21'),
(1436, 31, 'Saki East', '2024-10-17 14:25:21', '2024-10-17 14:25:21'),
(1437, 31, 'Saki West', '2024-10-17 14:25:21', '2024-10-17 14:25:21'),
(1438, 31, 'Surulere, Oyo State', '2024-10-17 14:25:21', '2024-10-17 14:25:21'),
(1439, 32, 'Bokkos', '2024-10-17 14:25:21', '2024-10-17 14:25:21'),
(1440, 32, 'Barkin Ladi', '2024-10-17 14:25:21', '2024-10-17 14:25:21'),
(1441, 32, 'Bassa', '2024-10-17 14:25:21', '2024-10-17 14:25:21'),
(1442, 32, 'Jos East', '2024-10-17 14:25:21', '2024-10-17 14:25:21'),
(1443, 32, 'Jos North', '2024-10-17 14:25:21', '2024-10-17 14:25:21'),
(1444, 32, 'Jos South', '2024-10-17 14:25:21', '2024-10-17 14:25:21'),
(1445, 32, 'Kanam', '2024-10-17 14:25:21', '2024-10-17 14:25:21'),
(1446, 32, 'Kanke', '2024-10-17 14:25:21', '2024-10-17 14:25:21'),
(1447, 32, 'Langtang South', '2024-10-17 14:25:21', '2024-10-17 14:25:21'),
(1448, 32, 'Langtang North', '2024-10-17 14:25:21', '2024-10-17 14:25:21'),
(1449, 32, 'Mangu', '2024-10-17 14:25:21', '2024-10-17 14:25:21'),
(1450, 32, 'Mikang', '2024-10-17 14:25:21', '2024-10-17 14:25:21'),
(1451, 32, 'Pankshin', '2024-10-17 14:25:21', '2024-10-17 14:25:21'),
(1452, 32, 'Qua\'an Pan', '2024-10-17 14:25:21', '2024-10-17 14:25:21'),
(1453, 32, 'Riyom', '2024-10-17 14:25:21', '2024-10-17 14:25:21'),
(1454, 32, 'Shendam', '2024-10-17 14:25:21', '2024-10-17 14:25:21'),
(1455, 32, 'Wase', '2024-10-17 14:25:21', '2024-10-17 14:25:21'),
(1456, 33, 'Abua/Odual', '2024-10-17 14:25:21', '2024-10-17 14:25:21'),
(1457, 33, 'Ahoada East', '2024-10-17 14:25:21', '2024-10-17 14:25:21'),
(1458, 33, 'Ahoada West', '2024-10-17 14:25:21', '2024-10-17 14:25:21'),
(1459, 33, 'Akuku-Toru', '2024-10-17 14:25:21', '2024-10-17 14:25:21'),
(1460, 33, 'Andoni', '2024-10-17 14:25:21', '2024-10-17 14:25:21'),
(1461, 33, 'Asari-Toru', '2024-10-17 14:25:21', '2024-10-17 14:25:21'),
(1462, 33, 'Bonny', '2024-10-17 14:25:21', '2024-10-17 14:25:21'),
(1463, 33, 'Degema', '2024-10-17 14:25:21', '2024-10-17 14:25:21'),
(1464, 33, 'Eleme', '2024-10-17 14:25:21', '2024-10-17 14:25:21'),
(1465, 33, 'Emuoha', '2024-10-17 14:25:21', '2024-10-17 14:25:21'),
(1466, 33, 'Etche', '2024-10-17 14:25:21', '2024-10-17 14:25:21'),
(1467, 33, 'Gokana', '2024-10-17 14:25:21', '2024-10-17 14:25:21'),
(1468, 33, 'Ikwerre', '2024-10-17 14:25:21', '2024-10-17 14:25:21'),
(1469, 33, 'Khana', '2024-10-17 14:25:21', '2024-10-17 14:25:21'),
(1470, 33, 'Obio/Akpor', '2024-10-17 14:25:21', '2024-10-17 14:25:21'),
(1471, 33, 'Ogba/Egbema/Ndoni', '2024-10-17 14:25:21', '2024-10-17 14:25:21'),
(1472, 33, 'Ogu/Bolo', '2024-10-17 14:25:21', '2024-10-17 14:25:21'),
(1473, 33, 'Okrika', '2024-10-17 14:25:21', '2024-10-17 14:25:21'),
(1474, 33, 'Omuma', '2024-10-17 14:25:21', '2024-10-17 14:25:21'),
(1475, 33, 'Opobo/Nkoro', '2024-10-17 14:25:21', '2024-10-17 14:25:21'),
(1476, 33, 'Oyigbo', '2024-10-17 14:25:21', '2024-10-17 14:25:21'),
(1477, 33, 'Port Harcourt', '2024-10-17 14:25:21', '2024-10-17 14:25:21'),
(1478, 33, 'Tai', '2024-10-17 14:25:21', '2024-10-17 14:25:21'),
(1479, 34, 'Binji', '2024-10-17 14:25:21', '2024-10-17 14:25:21'),
(1480, 34, 'Bodinga', '2024-10-17 14:25:21', '2024-10-17 14:25:21'),
(1481, 34, 'Dange Shuni', '2024-10-17 14:25:21', '2024-10-17 14:25:21'),
(1482, 34, 'Gada', '2024-10-17 14:25:21', '2024-10-17 14:25:21'),
(1483, 34, 'Goronyo', '2024-10-17 14:25:21', '2024-10-17 14:25:21'),
(1484, 34, 'Gudu', '2024-10-17 14:25:21', '2024-10-17 14:25:21'),
(1485, 34, 'Gwadabawa', '2024-10-17 14:25:21', '2024-10-17 14:25:21'),
(1486, 34, 'Illela', '2024-10-17 14:25:21', '2024-10-17 14:25:21'),
(1487, 34, 'Isa', '2024-10-17 14:25:21', '2024-10-17 14:25:21'),
(1488, 34, 'Kebbe', '2024-10-17 14:25:21', '2024-10-17 14:25:21'),
(1489, 34, 'Kware', '2024-10-17 14:25:21', '2024-10-17 14:25:21'),
(1490, 34, 'Rabah', '2024-10-17 14:25:21', '2024-10-17 14:25:21'),
(1491, 34, 'Sabon Birni', '2024-10-17 14:25:21', '2024-10-17 14:25:21'),
(1492, 34, 'Shagari', '2024-10-17 14:25:21', '2024-10-17 14:25:21'),
(1493, 34, 'Silame', '2024-10-17 14:25:21', '2024-10-17 14:25:21'),
(1494, 34, 'Sokoto North', '2024-10-17 14:25:21', '2024-10-17 14:25:21'),
(1495, 34, 'Sokoto South', '2024-10-17 14:25:21', '2024-10-17 14:25:21'),
(1496, 34, 'Tambuwal', '2024-10-17 14:25:21', '2024-10-17 14:25:21'),
(1497, 34, 'Tangaza', '2024-10-17 14:25:21', '2024-10-17 14:25:21'),
(1498, 34, 'Tureta', '2024-10-17 14:25:21', '2024-10-17 14:25:21'),
(1499, 34, 'Wamako', '2024-10-17 14:25:21', '2024-10-17 14:25:21'),
(1500, 34, 'Wurno', '2024-10-17 14:25:21', '2024-10-17 14:25:21'),
(1501, 34, 'Yabo', '2024-10-17 14:25:21', '2024-10-17 14:25:21'),
(1502, 35, 'Ardo Kola', '2024-10-17 14:25:21', '2024-10-17 14:25:21'),
(1503, 35, 'Bali', '2024-10-17 14:25:21', '2024-10-17 14:25:21'),
(1504, 35, 'Donga', '2024-10-17 14:25:21', '2024-10-17 14:25:21'),
(1505, 35, 'Gashaka', '2024-10-17 14:25:21', '2024-10-17 14:25:21'),
(1506, 35, 'Gassol', '2024-10-17 14:25:21', '2024-10-17 14:25:21'),
(1507, 35, 'Ibi', '2024-10-17 14:25:21', '2024-10-17 14:25:21'),
(1508, 35, 'Jalingo', '2024-10-17 14:25:21', '2024-10-17 14:25:21'),
(1509, 35, 'Karim Lamido', '2024-10-17 14:25:21', '2024-10-17 14:25:21'),
(1510, 35, 'Kumi', '2024-10-17 14:25:21', '2024-10-17 14:25:21'),
(1511, 35, 'Lau', '2024-10-17 14:25:21', '2024-10-17 14:25:21'),
(1512, 35, 'Sardauna', '2024-10-17 14:25:21', '2024-10-17 14:25:21'),
(1513, 35, 'Takum', '2024-10-17 14:25:21', '2024-10-17 14:25:21'),
(1514, 35, 'Ussa', '2024-10-17 14:25:21', '2024-10-17 14:25:21'),
(1515, 35, 'Wukari', '2024-10-17 14:25:21', '2024-10-17 14:25:21'),
(1516, 35, 'Yorro', '2024-10-17 14:25:21', '2024-10-17 14:25:21'),
(1517, 35, 'Zing', '2024-10-17 14:25:21', '2024-10-17 14:25:21'),
(1518, 36, 'Bade', '2024-10-17 14:25:21', '2024-10-17 14:25:21');
INSERT INTO `lgas` (`id`, `state_id`, `name`, `created_at`, `updated_at`) VALUES
(1519, 36, 'Bursari', '2024-10-17 14:25:21', '2024-10-17 14:25:21'),
(1520, 36, 'Damaturu', '2024-10-17 14:25:21', '2024-10-17 14:25:21'),
(1521, 36, 'Fika', '2024-10-17 14:25:21', '2024-10-17 14:25:21'),
(1522, 36, 'Fune', '2024-10-17 14:25:21', '2024-10-17 14:25:21'),
(1523, 36, 'Geidam', '2024-10-17 14:25:21', '2024-10-17 14:25:21'),
(1524, 36, 'Gujba', '2024-10-17 14:25:21', '2024-10-17 14:25:21'),
(1525, 36, 'Gulani', '2024-10-17 14:25:21', '2024-10-17 14:25:21'),
(1526, 36, 'Jakusko', '2024-10-17 14:25:21', '2024-10-17 14:25:21'),
(1527, 36, 'Karasuwa', '2024-10-17 14:25:21', '2024-10-17 14:25:21'),
(1528, 36, 'Machina', '2024-10-17 14:25:21', '2024-10-17 14:25:21'),
(1529, 36, 'Nangere', '2024-10-17 14:25:21', '2024-10-17 14:25:21'),
(1530, 36, 'Nguru', '2024-10-17 14:25:21', '2024-10-17 14:25:21'),
(1531, 36, 'Potiskum', '2024-10-17 14:25:21', '2024-10-17 14:25:21'),
(1532, 36, 'Tarmuwa', '2024-10-17 14:25:21', '2024-10-17 14:25:21'),
(1533, 36, 'Yunusari', '2024-10-17 14:25:21', '2024-10-17 14:25:21'),
(1534, 36, 'Yusufari', '2024-10-17 14:25:21', '2024-10-17 14:25:21'),
(1535, 37, 'Anka', '2024-10-17 14:25:21', '2024-10-17 14:25:21'),
(1536, 37, 'Bakura', '2024-10-17 14:25:21', '2024-10-17 14:25:21'),
(1537, 37, 'Birnin Magaji/Kiyaw', '2024-10-17 14:25:21', '2024-10-17 14:25:21'),
(1538, 37, 'Bukkuyum', '2024-10-17 14:25:21', '2024-10-17 14:25:21'),
(1539, 37, 'Bungudu', '2024-10-17 14:25:21', '2024-10-17 14:25:21'),
(1540, 37, 'Gummi', '2024-10-17 14:25:21', '2024-10-17 14:25:21'),
(1541, 37, 'Gusau', '2024-10-17 14:25:21', '2024-10-17 14:25:21'),
(1542, 37, 'Kaura Namoda', '2024-10-17 14:25:21', '2024-10-17 14:25:21'),
(1543, 37, 'Maradun', '2024-10-17 14:25:21', '2024-10-17 14:25:21'),
(1544, 37, 'Maru', '2024-10-17 14:25:21', '2024-10-17 14:25:21'),
(1545, 37, 'Shinkafi', '2024-10-17 14:25:21', '2024-10-17 14:25:21'),
(1546, 37, 'Talata Mafara', '2024-10-17 14:25:21', '2024-10-17 14:25:21'),
(1547, 37, 'Chafe', '2024-10-17 14:25:21', '2024-10-17 14:25:21'),
(1548, 37, 'Zurmi', '2024-10-17 14:25:21', '2024-10-17 14:25:21');

-- --------------------------------------------------------

--
-- Table structure for table `marks`
--

CREATE TABLE IF NOT EXISTS `marks` (
  `id` int(10) UNSIGNED NOT NULL AUTO_INCREMENT,
  `student_id` int(10) UNSIGNED NOT NULL,
  `subject_id` int(10) UNSIGNED NOT NULL,
  `my_class_id` int(10) UNSIGNED NOT NULL,
  `section_id` int(10) UNSIGNED NOT NULL,
  `exam_id` int(10) UNSIGNED NOT NULL,
  `t1` int(11) DEFAULT NULL,
  `t2` int(11) DEFAULT NULL,
  `t3` int(11) DEFAULT NULL,
  `t4` int(11) DEFAULT NULL,
  `tca` int(11) DEFAULT NULL,
  `tca1` int(11) DEFAULT NULL,
  `mid` int(11) DEFAULT NULL,
  `exm` int(11) DEFAULT NULL,
  `mid1total` int(11) DEFAULT NULL,
  `mid1conv` int(11) DEFAULT NULL,
  `end1total` int(11) DEFAULT NULL,
  `mid2total` int(11) DEFAULT NULL,
  `mid2conv` int(11) DEFAULT NULL,
  `end2total` int(11) DEFAULT NULL,
  `mid3total` int(11) DEFAULT NULL,
  `mid3conv` int(11) DEFAULT NULL,
  `end3total` int(11) DEFAULT NULL,
  `sub_pos` tinyint(4) DEFAULT NULL,
  `cum` int(11) DEFAULT NULL,
  `cum_ave` varchar(255) DEFAULT NULL,
  `grade_id` int(10) UNSIGNED DEFAULT NULL,
  `year` varchar(255) NOT NULL,
  `created_at` timestamp NULL DEFAULT NULL,
  `updated_at` timestamp NULL DEFAULT NULL,
  PRIMARY KEY (`id`),
  KEY `marks_student_id_foreign` (`student_id`),
  KEY `marks_my_class_id_foreign` (`my_class_id`),
  KEY `marks_section_id_foreign` (`section_id`),
  KEY `marks_subject_id_foreign` (`subject_id`),
  KEY `marks_exam_id_foreign` (`exam_id`),
  KEY `marks_grade_id_foreign` (`grade_id`)
) ENGINE=InnoDB AUTO_INCREMENT=16 DEFAULT CHARSET=utf8mb4 COLLATE=utf8mb4_unicode_ci;

--
-- Dumping data for table `marks`
--

INSERT INTO `marks` (`id`, `student_id`, `subject_id`, `my_class_id`, `section_id`, `exam_id`, `t1`, `t2`, `t3`, `t4`, `tca`, `tca1`, `mid`, `exm`, `mid1total`, `mid1conv`, `end1total`, `mid2total`, `mid2conv`, `end2total`, `mid3total`, `mid3conv`, `end3total`, `sub_pos`, `cum`, `cum_ave`, `grade_id`, `year`, `created_at`, `updated_at`) VALUES
(1, 40, 21, 7, 9, 2, 16, 10, 10, 10, 26, 52, 36, 20, 62, 12, 52, NULL, NULL, NULL, NULL, NULL, NULL, 2, NULL, NULL, 3, '2019-2020', '2024-10-22 18:51:33', '2024-10-22 21:04:59'),
(2, 41, 21, 7, 9, 2, NULL, NULL, NULL, NULL, 0, 0, NULL, NULL, 0, 0, 0, NULL, NULL, NULL, NULL, NULL, NULL, 3, NULL, NULL, NULL, '2019-2020', '2024-10-22 18:51:33', '2024-10-22 21:04:59'),
(3, 42, 21, 7, 9, 2, 20, 20, 10, 10, 40, 100, 60, 60, 100, 20, 100, NULL, NULL, NULL, NULL, NULL, NULL, 1, NULL, NULL, 1, '2019-2020', '2024-10-22 18:51:33', '2024-10-22 21:04:59'),
(4, 40, 21, 7, 9, 6, 20, 20, 10, 10, 40, 100, 60, 60, NULL, NULL, NULL, NULL, NULL, NULL, 100, 20, 100, 1, 200, '100', 1, '2019-2020', '2024-10-22 18:52:09', '2024-10-22 18:52:23'),
(5, 41, 21, 7, 9, 6, NULL, NULL, NULL, NULL, 0, 0, NULL, NULL, NULL, NULL, NULL, NULL, NULL, NULL, 0, 0, 0, 2, 0, '0', NULL, '2019-2020', '2024-10-22 18:52:09', '2024-10-22 18:52:23'),
(6, 42, 21, 7, 9, 6, NULL, NULL, NULL, NULL, 0, 0, NULL, NULL, NULL, NULL, NULL, NULL, NULL, NULL, 0, 0, 0, 2, 0, '0', NULL, '2019-2020', '2024-10-22 18:52:09', '2024-10-22 18:52:23'),
(7, 40, 13, 7, 9, 6, 15, 10, 10, 5, 25, 69, 50, 39, NULL, NULL, NULL, NULL, NULL, NULL, 75, 15, 69, 1, 69, '69', 2, '2019-2020', '2024-10-22 18:53:13', '2024-10-22 18:53:30'),
(8, 41, 13, 7, 9, 6, NULL, NULL, NULL, NULL, 0, 0, NULL, NULL, NULL, NULL, NULL, NULL, NULL, NULL, 0, 0, 0, 2, 0, '0', NULL, '2019-2020', '2024-10-22 18:53:13', '2024-10-22 18:53:30'),
(9, 42, 13, 7, 9, 6, NULL, NULL, NULL, NULL, 0, 0, NULL, NULL, NULL, NULL, NULL, NULL, NULL, NULL, 0, 0, 0, 2, 0, '0', NULL, '2019-2020', '2024-10-22 18:53:13', '2024-10-22 18:53:30'),
(10, 40, 13, 7, 9, 2, 20, 20, 10, 10, 40, 100, 60, 60, 100, 20, 100, NULL, NULL, NULL, NULL, NULL, NULL, 1, NULL, NULL, 1, '2019-2020', '2024-10-22 19:27:01', '2024-10-22 20:52:59'),
(11, 41, 13, 7, 9, 2, NULL, NULL, NULL, NULL, 0, 0, NULL, NULL, 0, 0, 0, NULL, NULL, NULL, NULL, NULL, NULL, 2, NULL, NULL, NULL, '2019-2020', '2024-10-22 19:27:01', '2024-10-22 20:37:13'),
(12, 42, 13, 7, 9, 2, NULL, NULL, NULL, NULL, 0, 0, NULL, NULL, 0, 0, 0, NULL, NULL, NULL, NULL, NULL, NULL, 2, NULL, NULL, NULL, '2019-2020', '2024-10-22 19:27:01', '2024-10-22 19:27:14'),
(13, 40, 14, 7, 9, 2, 20, NULL, NULL, NULL, 20, 4, NULL, NULL, 20, 4, 4, NULL, NULL, NULL, NULL, NULL, NULL, NULL, NULL, NULL, 6, '2019-2020', '2024-10-22 20:55:13', '2024-10-22 20:57:27'),
(14, 41, 14, 7, 9, 2, NULL, NULL, NULL, NULL, 0, 0, NULL, NULL, 0, 0, 0, NULL, NULL, NULL, NULL, NULL, NULL, NULL, NULL, NULL, NULL, '2019-2020', '2024-10-22 20:55:13', '2024-10-22 20:55:25'),
(15, 42, 14, 7, 9, 2, NULL, NULL, NULL, NULL, 0, 0, NULL, NULL, 0, 0, 0, NULL, NULL, NULL, NULL, NULL, NULL, NULL, NULL, NULL, NULL, '2019-2020', '2024-10-22 20:55:13', '2024-10-22 20:55:25');

-- --------------------------------------------------------

--
-- Table structure for table `migrations`
--

CREATE TABLE IF NOT EXISTS `migrations` (
  `id` int(10) UNSIGNED NOT NULL AUTO_INCREMENT,
  `migration` varchar(255) NOT NULL,
  `batch` int(11) NOT NULL,
  PRIMARY KEY (`id`)
) ENGINE=InnoDB AUTO_INCREMENT=32 DEFAULT CHARSET=utf8mb4 COLLATE=utf8mb4_unicode_ci;

--
-- Dumping data for table `migrations`
--

INSERT INTO `migrations` (`id`, `migration`, `batch`) VALUES
(1, '0001_01_01_000001_create_cache_table', 1),
(2, '0001_01_01_000002_create_jobs_table', 1),
(3, '2024_10_15_110717_create_book_requests_table', 1),
(4, '2024_10_15_110718_create_payment_records_table', 1),
(5, '2024_10_15_110751_create_exams_table', 1),
(6, '2024_10_15_110801_create_exam_records_table', 1),
(7, '2024_10_15_110815_create_marks_table', 1),
(8, '2024_10_15_110839_create_settings_table', 1),
(9, '2024_10_15_113650_create_states_table', 1),
(10, '2024_10_15_113654_create_lgas_table', 1),
(11, '2024_10_15_113655_create_users_table', 1),
(12, '2024_10_15_113657_create_blood_groups_table', 1),
(13, '2024_10_15_113715_create_nationalities_table', 1),
(14, '2024_10_15_113727_create_staff_records_table', 1),
(15, '2024_10_15_113812_create_user_types_table', 1),
(16, '2024_10_15_120405_create_sections_table', 1),
(17, '2024_10_15_120406_create_class_types_table', 1),
(18, '2024_10_15_120407_create_my_classes_table', 1),
(19, '2024_10_15_130900_create_subjects_table', 1),
(20, '2024_10_15_145012_create_dorms_table', 1),
(21, '2024_10_15_145013_create_student_records_table', 1),
(22, '2024_10_15_145014_create_grades_table', 1),
(23, '2024_10_15_145021_create_promotions_table', 1),
(24, '2024_10_15_151419_create_pins_table', 1),
(25, '2024_10_15_153134_create_skills_table', 1),
(26, '2024_10_16_102725_create_time_tables_table', 1),
(27, '2024_10_16_103002_create_receipts_table', 1),
(28, '2024_10_16_103146_create_payments_table', 1),
(29, '2024_10_16_194853_create_dormitories_table', 1),
(30, '2024_10_16_201455_create_books_table', 1),
(31, '2024_10_16_202009_create_fks', 1);

-- --------------------------------------------------------

--
-- Table structure for table `my_classes`
--

CREATE TABLE IF NOT EXISTS `my_classes` (
  `id` int(10) UNSIGNED NOT NULL AUTO_INCREMENT,
  `name` varchar(100) NOT NULL,
  `class_type_id` int(10) UNSIGNED DEFAULT NULL,
  `created_at` timestamp NULL DEFAULT NULL,
  `updated_at` timestamp NULL DEFAULT NULL,
  PRIMARY KEY (`id`),
  UNIQUE KEY `my_classes_class_type_id_name_unique` (`class_type_id`,`name`)
) ENGINE=InnoDB AUTO_INCREMENT=11 DEFAULT CHARSET=utf8mb4 COLLATE=utf8mb4_unicode_ci;

--
-- Dumping data for table `my_classes`
--

INSERT INTO `my_classes` (`id`, `name`, `class_type_id`, `created_at`, `updated_at`) VALUES
(1, 'Nursery 1', 3, NULL, NULL),
(2, 'Nursery 2', 3, NULL, NULL),
(3, 'Nursery 3', 3, NULL, NULL),
(4, 'Primary 1', 4, NULL, NULL),
(5, 'Primary 2', 4, NULL, NULL),
(6, 'JSS 2', 5, NULL, NULL),
(7, 'JSS 3', 5, NULL, NULL),
(8, 'SSS 1', 6, NULL, NULL),
(9, 'SSS 2', 6, NULL, NULL),
(10, 'SSS 3', 6, NULL, NULL);

-- --------------------------------------------------------

--
-- Table structure for table `nationalities`
--

CREATE TABLE IF NOT EXISTS `nationalities` (
  `id` int(10) UNSIGNED NOT NULL AUTO_INCREMENT,
  `name` varchar(255) NOT NULL,
  `created_at` timestamp NULL DEFAULT NULL,
  `updated_at` timestamp NULL DEFAULT NULL,
  PRIMARY KEY (`id`)
) ENGINE=InnoDB AUTO_INCREMENT=194 DEFAULT CHARSET=utf8mb4 COLLATE=utf8mb4_unicode_ci;

--
-- Dumping data for table `nationalities`
--

INSERT INTO `nationalities` (`id`, `name`, `created_at`, `updated_at`) VALUES
(1, 'Afghan', '2024-10-17 14:11:43', '2024-10-17 14:11:43'),
(2, 'Albanian', '2024-10-17 14:11:43', '2024-10-17 14:11:43'),
(3, 'Algerian', '2024-10-17 14:11:43', '2024-10-17 14:11:43'),
(4, 'American', '2024-10-17 14:11:43', '2024-10-17 14:11:43'),
(5, 'Andorran', '2024-10-17 14:11:43', '2024-10-17 14:11:43'),
(6, 'Angolan', '2024-10-17 14:11:43', '2024-10-17 14:11:43'),
(7, 'Antiguans', '2024-10-17 14:11:43', '2024-10-17 14:11:43'),
(8, 'Argentinean', '2024-10-17 14:11:43', '2024-10-17 14:11:43'),
(9, 'Armenian', '2024-10-17 14:11:43', '2024-10-17 14:11:43'),
(10, 'Australian', '2024-10-17 14:11:43', '2024-10-17 14:11:43'),
(11, 'Austrian', '2024-10-17 14:11:43', '2024-10-17 14:11:43'),
(12, 'Azerbaijani', '2024-10-17 14:11:43', '2024-10-17 14:11:43'),
(13, 'Bahamian', '2024-10-17 14:11:43', '2024-10-17 14:11:43'),
(14, 'Bahraini', '2024-10-17 14:11:43', '2024-10-17 14:11:43'),
(15, 'Bangladeshi', '2024-10-17 14:11:43', '2024-10-17 14:11:43'),
(16, 'Barbadian', '2024-10-17 14:11:43', '2024-10-17 14:11:43'),
(17, 'Barbudans', '2024-10-17 14:11:43', '2024-10-17 14:11:43'),
(18, 'Batswana', '2024-10-17 14:11:43', '2024-10-17 14:11:43'),
(19, 'Belarusian', '2024-10-17 14:11:43', '2024-10-17 14:11:43'),
(20, 'Belgian', '2024-10-17 14:11:43', '2024-10-17 14:11:43'),
(21, 'Belizean', '2024-10-17 14:11:43', '2024-10-17 14:11:43'),
(22, 'Beninese', '2024-10-17 14:11:43', '2024-10-17 14:11:43'),
(23, 'Bhutanese', '2024-10-17 14:11:43', '2024-10-17 14:11:43'),
(24, 'Bolivian', '2024-10-17 14:11:43', '2024-10-17 14:11:43'),
(25, 'Bosnian', '2024-10-17 14:11:43', '2024-10-17 14:11:43'),
(26, 'Brazilian', '2024-10-17 14:11:43', '2024-10-17 14:11:43'),
(27, 'British', '2024-10-17 14:11:43', '2024-10-17 14:11:43'),
(28, 'Bruneian', '2024-10-17 14:11:43', '2024-10-17 14:11:43'),
(29, 'Bulgarian', '2024-10-17 14:11:43', '2024-10-17 14:11:43'),
(30, 'Burkinabe', '2024-10-17 14:11:43', '2024-10-17 14:11:43'),
(31, 'Burmese', '2024-10-17 14:11:43', '2024-10-17 14:11:43'),
(32, 'Burundian', '2024-10-17 14:11:43', '2024-10-17 14:11:43'),
(33, 'Cambodian', '2024-10-17 14:11:43', '2024-10-17 14:11:43'),
(34, 'Cameroonian', '2024-10-17 14:11:43', '2024-10-17 14:11:43'),
(35, 'Canadian', '2024-10-17 14:11:43', '2024-10-17 14:11:43'),
(36, 'Cape Verdean', '2024-10-17 14:11:43', '2024-10-17 14:11:43'),
(37, 'Central African', '2024-10-17 14:11:43', '2024-10-17 14:11:43'),
(38, 'Chadian', '2024-10-17 14:11:43', '2024-10-17 14:11:43'),
(39, 'Chilean', '2024-10-17 14:11:43', '2024-10-17 14:11:43'),
(40, 'Chinese', '2024-10-17 14:11:43', '2024-10-17 14:11:43'),
(41, 'Colombian', '2024-10-17 14:11:43', '2024-10-17 14:11:43'),
(42, 'Comoran', '2024-10-17 14:11:43', '2024-10-17 14:11:43'),
(43, 'Congolese', '2024-10-17 14:11:43', '2024-10-17 14:11:43'),
(44, 'Costa Rican', '2024-10-17 14:11:43', '2024-10-17 14:11:43'),
(45, 'Croatian', '2024-10-17 14:11:43', '2024-10-17 14:11:43'),
(46, 'Cuban', '2024-10-17 14:11:43', '2024-10-17 14:11:43'),
(47, 'Cypriot', '2024-10-17 14:11:43', '2024-10-17 14:11:43'),
(48, 'Czech', '2024-10-17 14:11:43', '2024-10-17 14:11:43'),
(49, 'Danish', '2024-10-17 14:11:43', '2024-10-17 14:11:43'),
(50, 'Djibouti', '2024-10-17 14:11:43', '2024-10-17 14:11:43'),
(51, 'Dominican', '2024-10-17 14:11:43', '2024-10-17 14:11:43'),
(52, 'Dutch', '2024-10-17 14:11:43', '2024-10-17 14:11:43'),
(53, 'East Timorese', '2024-10-17 14:11:43', '2024-10-17 14:11:43'),
(54, 'Ecuadorean', '2024-10-17 14:11:43', '2024-10-17 14:11:43'),
(55, 'Egyptian', '2024-10-17 14:11:43', '2024-10-17 14:11:43'),
(56, 'Emirian', '2024-10-17 14:11:43', '2024-10-17 14:11:43'),
(57, 'Equatorial Guinean', '2024-10-17 14:11:43', '2024-10-17 14:11:43'),
(58, 'Eritrean', '2024-10-17 14:11:43', '2024-10-17 14:11:43'),
(59, 'Estonian', '2024-10-17 14:11:43', '2024-10-17 14:11:43'),
(60, 'Ethiopian', '2024-10-17 14:11:43', '2024-10-17 14:11:43'),
(61, 'Fijian', '2024-10-17 14:11:43', '2024-10-17 14:11:43'),
(62, 'Filipino', '2024-10-17 14:11:43', '2024-10-17 14:11:43'),
(63, 'Finnish', '2024-10-17 14:11:43', '2024-10-17 14:11:43'),
(64, 'French', '2024-10-17 14:11:43', '2024-10-17 14:11:43'),
(65, 'Gabonese', '2024-10-17 14:11:43', '2024-10-17 14:11:43'),
(66, 'Gambian', '2024-10-17 14:11:43', '2024-10-17 14:11:43'),
(67, 'Georgian', '2024-10-17 14:11:43', '2024-10-17 14:11:43'),
(68, 'German', '2024-10-17 14:11:43', '2024-10-17 14:11:43'),
(69, 'Ghanaian', '2024-10-17 14:11:43', '2024-10-17 14:11:43'),
(70, 'Greek', '2024-10-17 14:11:43', '2024-10-17 14:11:43'),
(71, 'Grenadian', '2024-10-17 14:11:43', '2024-10-17 14:11:43'),
(72, 'Guatemalan', '2024-10-17 14:11:43', '2024-10-17 14:11:43'),
(73, 'Guinea-Bissauan', '2024-10-17 14:11:43', '2024-10-17 14:11:43'),
(74, 'Guinean', '2024-10-17 14:11:43', '2024-10-17 14:11:43'),
(75, 'Guyanese', '2024-10-17 14:11:43', '2024-10-17 14:11:43'),
(76, 'Haitian', '2024-10-17 14:11:43', '2024-10-17 14:11:43'),
(77, 'Herzegovinian', '2024-10-17 14:11:43', '2024-10-17 14:11:43'),
(78, 'Honduran', '2024-10-17 14:11:43', '2024-10-17 14:11:43'),
(79, 'Hungarian', '2024-10-17 14:11:43', '2024-10-17 14:11:43'),
(80, 'I-Kiribati', '2024-10-17 14:11:43', '2024-10-17 14:11:43'),
(81, 'Icelander', '2024-10-17 14:11:43', '2024-10-17 14:11:43'),
(82, 'Indian', '2024-10-17 14:11:43', '2024-10-17 14:11:43'),
(83, 'Indonesian', '2024-10-17 14:11:43', '2024-10-17 14:11:43'),
(84, 'Iranian', '2024-10-17 14:11:43', '2024-10-17 14:11:43'),
(85, 'Iraqi', '2024-10-17 14:11:43', '2024-10-17 14:11:43'),
(86, 'Irish', '2024-10-17 14:11:43', '2024-10-17 14:11:43'),
(87, 'Israeli', '2024-10-17 14:11:43', '2024-10-17 14:11:43'),
(88, 'Italian', '2024-10-17 14:11:43', '2024-10-17 14:11:43'),
(89, 'Ivorian', '2024-10-17 14:11:43', '2024-10-17 14:11:43'),
(90, 'Jamaican', '2024-10-17 14:11:43', '2024-10-17 14:11:43'),
(91, 'Japanese', '2024-10-17 14:11:43', '2024-10-17 14:11:43'),
(92, 'Jordanian', '2024-10-17 14:11:43', '2024-10-17 14:11:43'),
(93, 'Kazakhstani', '2024-10-17 14:11:43', '2024-10-17 14:11:43'),
(94, 'Kenyan', '2024-10-17 14:11:43', '2024-10-17 14:11:43'),
(95, 'Kittian and Nevisian', '2024-10-17 14:11:43', '2024-10-17 14:11:43'),
(96, 'Kuwaiti', '2024-10-17 14:11:43', '2024-10-17 14:11:43'),
(97, 'Kyrgyz', '2024-10-17 14:11:43', '2024-10-17 14:11:43'),
(98, 'Laotian', '2024-10-17 14:11:43', '2024-10-17 14:11:43'),
(99, 'Latvian', '2024-10-17 14:11:43', '2024-10-17 14:11:43'),
(100, 'Lebanese', '2024-10-17 14:11:43', '2024-10-17 14:11:43'),
(101, 'Liberian', '2024-10-17 14:11:43', '2024-10-17 14:11:43'),
(102, 'Libyan', '2024-10-17 14:11:43', '2024-10-17 14:11:43'),
(103, 'Liechtensteiner', '2024-10-17 14:11:43', '2024-10-17 14:11:43'),
(104, 'Lithuanian', '2024-10-17 14:11:43', '2024-10-17 14:11:43'),
(105, 'Luxembourger', '2024-10-17 14:11:43', '2024-10-17 14:11:43'),
(106, 'Macedonian', '2024-10-17 14:11:43', '2024-10-17 14:11:43'),
(107, 'Malagasy', '2024-10-17 14:11:43', '2024-10-17 14:11:43'),
(108, 'Malawian', '2024-10-17 14:11:43', '2024-10-17 14:11:43'),
(109, 'Malaysian', '2024-10-17 14:11:43', '2024-10-17 14:11:43'),
(110, 'Maldivan', '2024-10-17 14:11:44', '2024-10-17 14:11:44'),
(111, 'Malian', '2024-10-17 14:11:44', '2024-10-17 14:11:44'),
(112, 'Maltese', '2024-10-17 14:11:44', '2024-10-17 14:11:44'),
(113, 'Marshallese', '2024-10-17 14:11:44', '2024-10-17 14:11:44'),
(114, 'Mauritanian', '2024-10-17 14:11:44', '2024-10-17 14:11:44'),
(115, 'Mauritian', '2024-10-17 14:11:44', '2024-10-17 14:11:44'),
(116, 'Mexican', '2024-10-17 14:11:44', '2024-10-17 14:11:44'),
(117, 'Micronesian', '2024-10-17 14:11:44', '2024-10-17 14:11:44'),
(118, 'Moldovan', '2024-10-17 14:11:44', '2024-10-17 14:11:44'),
(119, 'Monacan', '2024-10-17 14:11:44', '2024-10-17 14:11:44'),
(120, 'Mongolian', '2024-10-17 14:11:44', '2024-10-17 14:11:44'),
(121, 'Moroccan', '2024-10-17 14:11:44', '2024-10-17 14:11:44'),
(122, 'Mosotho', '2024-10-17 14:11:44', '2024-10-17 14:11:44'),
(123, 'Motswana', '2024-10-17 14:11:44', '2024-10-17 14:11:44'),
(124, 'Mozambican', '2024-10-17 14:11:44', '2024-10-17 14:11:44'),
(125, 'Namibian', '2024-10-17 14:11:44', '2024-10-17 14:11:44'),
(126, 'Nauruan', '2024-10-17 14:11:44', '2024-10-17 14:11:44'),
(127, 'Nepalese', '2024-10-17 14:11:44', '2024-10-17 14:11:44'),
(128, 'New Zealander', '2024-10-17 14:11:44', '2024-10-17 14:11:44'),
(129, 'Nicaraguan', '2024-10-17 14:11:44', '2024-10-17 14:11:44'),
(130, 'Nigerian', '2024-10-17 14:11:44', '2024-10-17 14:11:44'),
(131, 'Nigerien', '2024-10-17 14:11:44', '2024-10-17 14:11:44'),
(132, 'North Korean', '2024-10-17 14:11:44', '2024-10-17 14:11:44'),
(133, 'Northern Irish', '2024-10-17 14:11:44', '2024-10-17 14:11:44'),
(134, 'Norwegian', '2024-10-17 14:11:44', '2024-10-17 14:11:44'),
(135, 'Omani', '2024-10-17 14:11:44', '2024-10-17 14:11:44'),
(136, 'Pakistani', '2024-10-17 14:11:44', '2024-10-17 14:11:44'),
(137, 'Palauan', '2024-10-17 14:11:44', '2024-10-17 14:11:44'),
(138, 'Panamanian', '2024-10-17 14:11:44', '2024-10-17 14:11:44'),
(139, 'Papua New Guinean', '2024-10-17 14:11:44', '2024-10-17 14:11:44'),
(140, 'Paraguayan', '2024-10-17 14:11:44', '2024-10-17 14:11:44'),
(141, 'Peruvian', '2024-10-17 14:11:44', '2024-10-17 14:11:44'),
(142, 'Polish', '2024-10-17 14:11:44', '2024-10-17 14:11:44'),
(143, 'Portuguese', '2024-10-17 14:11:44', '2024-10-17 14:11:44'),
(144, 'Qatari', '2024-10-17 14:11:44', '2024-10-17 14:11:44'),
(145, 'Romanian', '2024-10-17 14:11:44', '2024-10-17 14:11:44'),
(146, 'Russian', '2024-10-17 14:11:44', '2024-10-17 14:11:44'),
(147, 'Rwandan', '2024-10-17 14:11:44', '2024-10-17 14:11:44'),
(148, 'Saint Lucian', '2024-10-17 14:11:44', '2024-10-17 14:11:44'),
(149, 'Salvadoran', '2024-10-17 14:11:44', '2024-10-17 14:11:44'),
(150, 'Samoan', '2024-10-17 14:11:44', '2024-10-17 14:11:44'),
(151, 'San Marinese', '2024-10-17 14:11:44', '2024-10-17 14:11:44'),
(152, 'Sao Tomean', '2024-10-17 14:11:44', '2024-10-17 14:11:44'),
(153, 'Saudi', '2024-10-17 14:11:44', '2024-10-17 14:11:44'),
(154, 'Scottish', '2024-10-17 14:11:44', '2024-10-17 14:11:44'),
(155, 'Senegalese', '2024-10-17 14:11:44', '2024-10-17 14:11:44'),
(156, 'Serbian', '2024-10-17 14:11:44', '2024-10-17 14:11:44'),
(157, 'Seychellois', '2024-10-17 14:11:44', '2024-10-17 14:11:44'),
(158, 'Sierra Leonean', '2024-10-17 14:11:44', '2024-10-17 14:11:44'),
(159, 'Singaporean', '2024-10-17 14:11:44', '2024-10-17 14:11:44'),
(160, 'Slovakian', '2024-10-17 14:11:44', '2024-10-17 14:11:44'),
(161, 'Slovenian', '2024-10-17 14:11:44', '2024-10-17 14:11:44'),
(162, 'Solomon Islander', '2024-10-17 14:11:44', '2024-10-17 14:11:44'),
(163, 'Somali', '2024-10-17 14:11:44', '2024-10-17 14:11:44'),
(164, 'South African', '2024-10-17 14:11:44', '2024-10-17 14:11:44'),
(165, 'South Korean', '2024-10-17 14:11:44', '2024-10-17 14:11:44'),
(166, 'Spanish', '2024-10-17 14:11:44', '2024-10-17 14:11:44'),
(167, 'Sri Lankan', '2024-10-17 14:11:44', '2024-10-17 14:11:44'),
(168, 'Sudanese', '2024-10-17 14:11:44', '2024-10-17 14:11:44'),
(169, 'Surinamer', '2024-10-17 14:11:44', '2024-10-17 14:11:44'),
(170, 'Swazi', '2024-10-17 14:11:44', '2024-10-17 14:11:44'),
(171, 'Swedish', '2024-10-17 14:11:44', '2024-10-17 14:11:44'),
(172, 'Swiss', '2024-10-17 14:11:44', '2024-10-17 14:11:44'),
(173, 'Syrian', '2024-10-17 14:11:44', '2024-10-17 14:11:44'),
(174, 'Taiwanese', '2024-10-17 14:11:44', '2024-10-17 14:11:44'),
(175, 'Tajik', '2024-10-17 14:11:44', '2024-10-17 14:11:44'),
(176, 'Tanzanian', '2024-10-17 14:11:44', '2024-10-17 14:11:44'),
(177, 'Thai', '2024-10-17 14:11:44', '2024-10-17 14:11:44'),
(178, 'Togolese', '2024-10-17 14:11:44', '2024-10-17 14:11:44'),
(179, 'Tongan', '2024-10-17 14:11:44', '2024-10-17 14:11:44'),
(180, 'Trinidadian/Tobagonian', '2024-10-17 14:11:44', '2024-10-17 14:11:44'),
(181, 'Tunisian', '2024-10-17 14:11:44', '2024-10-17 14:11:44'),
(182, 'Turkish', '2024-10-17 14:11:44', '2024-10-17 14:11:44'),
(183, 'Tuvaluan', '2024-10-17 14:11:44', '2024-10-17 14:11:44'),
(184, 'Ugandan', '2024-10-17 14:11:44', '2024-10-17 14:11:44'),
(185, 'Ukrainian', '2024-10-17 14:11:44', '2024-10-17 14:11:44'),
(186, 'Uruguayan', '2024-10-17 14:11:44', '2024-10-17 14:11:44'),
(187, 'Uzbekistani', '2024-10-17 14:11:44', '2024-10-17 14:11:44'),
(188, 'Venezuelan', '2024-10-17 14:11:44', '2024-10-17 14:11:44'),
(189, 'Vietnamese', '2024-10-17 14:11:44', '2024-10-17 14:11:44'),
(190, 'Welsh', '2024-10-17 14:11:44', '2024-10-17 14:11:44'),
(191, 'Yemenite', '2024-10-17 14:11:44', '2024-10-17 14:11:44'),
(192, 'Zambian', '2024-10-17 14:11:44', '2024-10-17 14:11:44'),
(193, 'Zimbabwean', '2024-10-17 14:11:44', '2024-10-17 14:11:44');

-- --------------------------------------------------------

--
-- Table structure for table `password_reset_tokens`
--

CREATE TABLE IF NOT EXISTS `password_reset_tokens` (
  `email` varchar(255) NOT NULL,
  `token` varchar(255) NOT NULL,
  `created_at` timestamp NULL DEFAULT NULL,
  PRIMARY KEY (`email`)
) ENGINE=InnoDB DEFAULT CHARSET=utf8mb4 COLLATE=utf8mb4_unicode_ci;

-- --------------------------------------------------------

--
-- Table structure for table `payments`
--

CREATE TABLE IF NOT EXISTS `payments` (
  `id` int(10) UNSIGNED NOT NULL AUTO_INCREMENT,
  `title` varchar(100) NOT NULL,
  `amount` int(11) NOT NULL,
  `ref_no` varchar(100) NOT NULL,
  `method` varchar(100) NOT NULL DEFAULT 'cash',
  `my_class_id` int(10) UNSIGNED DEFAULT NULL,
  `description` varchar(255) DEFAULT NULL,
  `year` varchar(255) NOT NULL,
  `created_at` timestamp NULL DEFAULT NULL,
  `updated_at` timestamp NULL DEFAULT NULL,
  PRIMARY KEY (`id`),
  UNIQUE KEY `payments_ref_no_unique` (`ref_no`),
  KEY `payments_my_class_id_foreign` (`my_class_id`)
) ENGINE=InnoDB DEFAULT CHARSET=utf8mb4 COLLATE=utf8mb4_unicode_ci;

-- --------------------------------------------------------

--
-- Table structure for table `payment_records`
--

CREATE TABLE IF NOT EXISTS `payment_records` (
  `id` int(10) UNSIGNED NOT NULL AUTO_INCREMENT,
  `payment_id` int(10) UNSIGNED NOT NULL,
  `student_id` int(10) UNSIGNED NOT NULL,
  `ref_no` varchar(100) DEFAULT NULL,
  `amt_paid` int(11) DEFAULT NULL,
  `balance` int(11) DEFAULT NULL,
  `paid` tinyint(4) NOT NULL DEFAULT 0,
  `year` varchar(255) NOT NULL,
  `created_at` timestamp NULL DEFAULT NULL,
  `updated_at` timestamp NULL DEFAULT NULL,
  PRIMARY KEY (`id`),
  UNIQUE KEY `payment_records_ref_no_unique` (`ref_no`),
  KEY `payment_records_payment_id_foreign` (`payment_id`),
  KEY `payment_records_student_id_foreign` (`student_id`)
) ENGINE=InnoDB DEFAULT CHARSET=utf8mb4 COLLATE=utf8mb4_unicode_ci;

-- --------------------------------------------------------

--
-- Table structure for table `pins`
--

CREATE TABLE IF NOT EXISTS `pins` (
  `id` int(10) UNSIGNED NOT NULL AUTO_INCREMENT,
  `code` varchar(40) NOT NULL,
  `used` varchar(255) NOT NULL DEFAULT '0',
  `times_used` varchar(255) NOT NULL DEFAULT '0',
  `user_id` int(10) UNSIGNED DEFAULT NULL,
  `student_id` int(10) UNSIGNED DEFAULT NULL,
  `created_at` timestamp NULL DEFAULT NULL,
  `updated_at` timestamp NULL DEFAULT NULL,
  PRIMARY KEY (`id`),
  UNIQUE KEY `pins_code_unique` (`code`),
  KEY `pins_user_id_foreign` (`user_id`),
  KEY `pins_student_id_foreign` (`student_id`)
) ENGINE=InnoDB AUTO_INCREMENT=21 DEFAULT CHARSET=utf8mb4 COLLATE=utf8mb4_unicode_ci;

--
-- Dumping data for table `pins`
--

INSERT INTO `pins` (`id`, `code`, `used`, `times_used`, `user_id`, `student_id`, `created_at`, `updated_at`) VALUES
(2, 'C9XPI-5TU1K-L5ENIS', '0', '0', NULL, NULL, NULL, NULL),
(3, '8JJZ9-Q0YX4-HHGQAM', '0', '0', NULL, NULL, NULL, NULL),
(4, 'LDUX6-W4TCT-ZUUU0K', '0', '0', NULL, NULL, NULL, NULL),
(5, 'NJE6N-EA4RW-QREEJL', '0', '0', NULL, NULL, NULL, NULL),
(6, 'WMRYD-JCBR0-OIUGSO', '0', '0', NULL, NULL, NULL, NULL),
(7, 'S8DZI-DK5AG-NNI4JE', '0', '0', NULL, NULL, NULL, NULL),
(8, 'VZL8A-EL0PQ-3VRXEG', '0', '0', NULL, NULL, NULL, NULL),
(9, 'B1ETF-F77YU-EZIBIU', '0', '0', NULL, NULL, NULL, NULL),
(10, 'CXBAX-7PSVB-SFCRSA', '0', '0', NULL, NULL, NULL, NULL),
(11, 'EL7AQ-DF3GE-36ED4C', '0', '0', NULL, NULL, NULL, NULL),
(12, 'AVTD1-JUC4E-QDMTBJ', '0', '0', NULL, NULL, NULL, NULL),
(13, 'UTAFW-3AHPR-0HXGAC', '0', '0', NULL, NULL, NULL, NULL),
(14, 'RDU5C-MGT5Q-0BZJLJ', '0', '0', NULL, NULL, NULL, NULL),
(15, 'FYTGV-RAHIA-PVOWKB', '0', '0', NULL, NULL, NULL, NULL),
(16, 'LFGY6-FOAYP-5CWV1S', '0', '0', NULL, NULL, NULL, NULL),
(17, 'LSRAE-D0GJK-AM9JMF', '0', '0', NULL, NULL, NULL, NULL),
(18, 'GVJSD-GSWFN-DDO0LS', '0', '0', NULL, NULL, NULL, NULL),
(19, 'OGBWT-J5URR-FGETSJ', '0', '0', NULL, NULL, NULL, NULL),
(20, '4BPQZ-E2QWD-RYWKB0', '0', '0', NULL, NULL, NULL, NULL);

-- --------------------------------------------------------

--
-- Table structure for table `promotions`
--

CREATE TABLE IF NOT EXISTS `promotions` (
  `id` int(10) UNSIGNED NOT NULL AUTO_INCREMENT,
  `student_id` int(10) UNSIGNED NOT NULL,
  `from_class` int(10) UNSIGNED NOT NULL,
  `from_section` int(10) UNSIGNED NOT NULL,
  `to_class` int(10) UNSIGNED NOT NULL,
  `to_section` int(10) UNSIGNED NOT NULL,
  `grad` tinyint(4) NOT NULL,
  `from_session` varchar(255) NOT NULL,
  `to_session` varchar(255) NOT NULL,
  `status` varchar(255) NOT NULL,
  `created_at` timestamp NULL DEFAULT NULL,
  `updated_at` timestamp NULL DEFAULT NULL,
  PRIMARY KEY (`id`),
  KEY `promotions_student_id_foreign` (`student_id`),
  KEY `promotions_from_class_foreign` (`from_class`),
  KEY `promotions_from_section_foreign` (`from_section`),
  KEY `promotions_to_section_foreign` (`to_section`),
  KEY `promotions_to_class_foreign` (`to_class`)
) ENGINE=InnoDB AUTO_INCREMENT=5 DEFAULT CHARSET=utf8mb4 COLLATE=utf8mb4_unicode_ci;

--
-- Dumping data for table `promotions`
--

INSERT INTO `promotions` (`id`, `student_id`, `from_class`, `from_section`, `to_class`, `to_section`, `grad`, `from_session`, `to_session`, `status`, `created_at`, `updated_at`) VALUES
(2, 42, 6, 8, 7, 9, 0, '2018-2019', '2019-2020', 'P', '2024-10-17 19:52:50', '2024-10-17 19:52:50'),
(3, 41, 6, 8, 7, 9, 0, '2018-2019', '2019-2020', 'P', '2024-10-17 19:52:50', '2024-10-17 19:52:50'),
(4, 40, 6, 8, 7, 9, 0, '2018-2019', '2019-2020', 'P', '2024-10-17 20:04:13', '2024-10-17 20:04:13');

-- --------------------------------------------------------

--
-- Table structure for table `receipts`
--

CREATE TABLE IF NOT EXISTS `receipts` (
  `id` int(10) UNSIGNED NOT NULL AUTO_INCREMENT,
  `pr_id` int(10) UNSIGNED NOT NULL,
  `amt_paid` int(11) NOT NULL,
  `balance` int(11) NOT NULL,
  `year` varchar(255) NOT NULL,
  `created_at` timestamp NULL DEFAULT NULL,
  `updated_at` timestamp NULL DEFAULT NULL,
  PRIMARY KEY (`id`),
  KEY `receipts_pr_id_foreign` (`pr_id`)
) ENGINE=InnoDB DEFAULT CHARSET=utf8mb4 COLLATE=utf8mb4_unicode_ci;

-- --------------------------------------------------------

--
-- Table structure for table `sections`
--

CREATE TABLE IF NOT EXISTS `sections` (
  `id` int(10) UNSIGNED NOT NULL AUTO_INCREMENT,
  `name` varchar(100) NOT NULL,
  `my_class_id` int(10) UNSIGNED NOT NULL,
  `teacher_id` int(10) UNSIGNED DEFAULT NULL,
  `active` tinyint(4) NOT NULL DEFAULT 0,
  `created_at` timestamp NULL DEFAULT NULL,
  `updated_at` timestamp NULL DEFAULT NULL,
  PRIMARY KEY (`id`),
  UNIQUE KEY `sections_name_my_class_id_unique` (`name`,`my_class_id`),
  KEY `sections_my_class_id_foreign` (`my_class_id`),
  KEY `sections_teacher_id_foreign` (`teacher_id`)
) ENGINE=InnoDB AUTO_INCREMENT=13 DEFAULT CHARSET=utf8mb4 COLLATE=utf8mb4_unicode_ci;

--
-- Dumping data for table `sections`
--

INSERT INTO `sections` (`id`, `name`, `my_class_id`, `teacher_id`, `active`, `created_at`, `updated_at`) VALUES
(1, 'Gold', 1, NULL, 1, NULL, NULL),
(2, 'Diamond', 1, NULL, 0, NULL, NULL),
(3, 'Silver', 2, NULL, 1, NULL, NULL),
(4, 'Lemon', 2, NULL, 0, NULL, NULL),
(5, 'Bronze', 3, NULL, 1, NULL, NULL),
(6, 'Silver', 4, NULL, 1, NULL, NULL),
(7, 'Diamond', 5, NULL, 1, NULL, NULL),
(8, 'Blue', 6, NULL, 1, NULL, NULL),
(9, 'A', 7, NULL, 1, NULL, NULL),
(10, 'A', 8, NULL, 1, NULL, NULL),
(11, 'A', 9, NULL, 1, NULL, NULL),
(12, 'A', 10, NULL, 1, NULL, NULL);

-- --------------------------------------------------------

--
-- Table structure for table `sessions`
--

CREATE TABLE IF NOT EXISTS `sessions` (
  `id` varchar(255) NOT NULL,
  `user_id` bigint(20) UNSIGNED DEFAULT NULL,
  `ip_address` varchar(45) DEFAULT NULL,
  `user_agent` text DEFAULT NULL,
  `payload` longtext NOT NULL,
  `last_activity` int(11) NOT NULL,
  PRIMARY KEY (`id`),
  KEY `sessions_user_id_index` (`user_id`),
  KEY `sessions_last_activity_index` (`last_activity`)
) ENGINE=InnoDB DEFAULT CHARSET=utf8mb4 COLLATE=utf8mb4_unicode_ci;

--
-- Dumping data for table `sessions`
--

INSERT INTO `sessions` (`id`, `user_id`, `ip_address`, `user_agent`, `payload`, `last_activity`) VALUES
('7Rl1e4FM27a1SvUigFkFiz0TlBHme1m7e4hb7v9R', 1, '127.0.0.1', 'Mozilla/5.0 (Windows NT 10.0; Win64; x64) AppleWebKit/537.36 (KHTML, like Gecko) Chrome/128.0.0.0 Safari/537.36', 'YTo1OntzOjY6Il90b2tlbiI7czo0MDoiZ2FKZTJNS25XTmo1Z2Q1cXZueXFkUVlnQjBpTDdFUWM5YThsZzJTUSI7czozOiJ1cmwiO2E6MTp7czo4OiJpbnRlbmRlZCI7czo0NToiaHR0cDovLzEyNy4wLjAuMTo4MDAwL21hcmtzL3Nob3cvNDAvMjAxOS0yMDIwIjt9czo5OiJfcHJldmlvdXMiO2E6MTp7czozOiJ1cmwiO3M6NDU6Imh0dHA6Ly8xMjcuMC4wLjE6ODAwMC9tYXJrcy9zaG93LzQwLzIwMTktMjAyMCI7fXM6NjoiX2ZsYXNoIjthOjI6e3M6Mzoib2xkIjthOjA6e31zOjM6Im5ldyI7YTowOnt9fXM6NTA6ImxvZ2luX3dlYl81OWJhMzZhZGRjMmIyZjk0MDE1ODBmMDE0YzdmNThlYTRlMzA5ODlkIjtpOjE7fQ==', 1729634704);

-- --------------------------------------------------------

--
-- Table structure for table `settings`
--

CREATE TABLE IF NOT EXISTS `settings` (
  `id` int(10) UNSIGNED NOT NULL AUTO_INCREMENT,
  `type` varchar(255) NOT NULL,
  `description` varchar(255) DEFAULT NULL,
  `created_at` timestamp NULL DEFAULT NULL,
  `updated_at` timestamp NULL DEFAULT NULL,
  PRIMARY KEY (`id`)
) ENGINE=InnoDB AUTO_INCREMENT=20 DEFAULT CHARSET=utf8mb4 COLLATE=utf8mb4_unicode_ci;

--
-- Dumping data for table `settings`
--

INSERT INTO `settings` (`id`, `type`, `description`, `created_at`, `updated_at`) VALUES
(1, 'current_session', '2019-2020', NULL, '2024-10-17 20:05:36'),
(2, 'system_title', 'CJIA', NULL, '2024-10-17 20:05:36'),
(3, 'system_name', 'MICKYPARY INSPIRED ACADEMY', NULL, '2024-10-17 20:05:36'),
(4, 'term_ends', '7/10/2018', NULL, '2024-10-17 20:05:36'),
(5, 'term_begins', '7/10/2018', NULL, '2024-10-17 20:05:36'),
(6, 'phone', '0123456789', NULL, '2024-10-17 20:05:36'),
(7, 'address', '18B North Central Park, Behind Central Square Tourist Center', NULL, '2024-10-17 20:05:36'),
(8, 'system_email', 'cjacademy@cj.com', NULL, '2024-10-17 20:05:36'),
(9, 'alt_email', '', NULL, NULL),
(10, 'email_host', '', NULL, NULL),
(11, 'email_pass', '', NULL, NULL),
(12, 'lock_exam', '1', NULL, '2024-10-17 20:05:36'),
(13, 'logo', 'uploads/logo/logo.png', NULL, '2024-10-17 19:39:22'),
(14, 'next_term_fees_j', '20000', NULL, '2024-10-17 20:05:36'),
(15, 'next_term_fees_pn', '25000', NULL, '2024-10-17 20:05:36'),
(16, 'next_term_fees_p', '25000', NULL, '2024-10-17 20:05:36'),
(17, 'next_term_fees_n', '25600', NULL, '2024-10-17 20:05:36'),
(18, 'next_term_fees_s', '15600', NULL, '2024-10-17 20:05:36'),
(19, 'next_term_fees_c', '1600', NULL, '2024-10-17 20:05:36');

-- --------------------------------------------------------

--
-- Table structure for table `skills`
--

CREATE TABLE IF NOT EXISTS `skills` (
  `id` int(10) UNSIGNED NOT NULL AUTO_INCREMENT,
  `name` varchar(255) NOT NULL,
  `skill_type` varchar(255) NOT NULL,
  `class_type` varchar(255) DEFAULT NULL,
  `created_at` timestamp NULL DEFAULT NULL,
  `updated_at` timestamp NULL DEFAULT NULL,
  PRIMARY KEY (`id`)
) ENGINE=InnoDB AUTO_INCREMENT=15 DEFAULT CHARSET=utf8mb4 COLLATE=utf8mb4_unicode_ci;

--
-- Dumping data for table `skills`
--

INSERT INTO `skills` (`id`, `name`, `skill_type`, `class_type`, `created_at`, `updated_at`) VALUES
(1, 'PUNCTUALITY', 'AF', NULL, NULL, NULL),
(2, 'NEATNESS', 'AF', NULL, NULL, NULL),
(3, 'HONESTY', 'AF', NULL, NULL, NULL),
(4, 'RELIABILITY', 'AF', NULL, NULL, NULL),
(5, 'RELATIONSHIP WITH OTHERS', 'AF', NULL, NULL, NULL),
(6, 'POLITENESS', 'AF', NULL, NULL, NULL),
(7, 'ALERTNESS', 'AF', NULL, NULL, NULL),
(8, 'HANDWRITING', 'PS', NULL, NULL, NULL),
(9, 'GAMES & SPORTS', 'PS', NULL, NULL, NULL),
(10, 'DRAWING & ARTS', 'PS', NULL, NULL, NULL),
(11, 'PAINTING', 'PS', NULL, NULL, NULL),
(12, 'CONSTRUCTION', 'PS', NULL, NULL, NULL),
(13, 'MUSICAL SKILLS', 'PS', NULL, NULL, NULL),
(14, 'FLEXIBILITY', 'PS', NULL, NULL, NULL);

-- --------------------------------------------------------

--
-- Table structure for table `staff_records`
--

CREATE TABLE IF NOT EXISTS `staff_records` (
  `id` int(10) UNSIGNED NOT NULL AUTO_INCREMENT,
  `user_id` int(10) UNSIGNED NOT NULL,
  `code` varchar(100) DEFAULT NULL,
  `emp_date` varchar(255) DEFAULT NULL,
  `created_at` timestamp NULL DEFAULT NULL,
  `updated_at` timestamp NULL DEFAULT NULL,
  PRIMARY KEY (`id`),
  UNIQUE KEY `staff_records_code_unique` (`code`),
  KEY `staff_records_user_id_foreign` (`user_id`)
) ENGINE=InnoDB DEFAULT CHARSET=utf8mb4 COLLATE=utf8mb4_unicode_ci;

-- --------------------------------------------------------

--
-- Table structure for table `states`
--

CREATE TABLE IF NOT EXISTS `states` (
  `id` int(10) UNSIGNED NOT NULL AUTO_INCREMENT,
  `name` varchar(255) NOT NULL,
  `created_at` timestamp NULL DEFAULT NULL,
  `updated_at` timestamp NULL DEFAULT NULL,
  PRIMARY KEY (`id`)
) ENGINE=InnoDB AUTO_INCREMENT=38 DEFAULT CHARSET=utf8mb4 COLLATE=utf8mb4_unicode_ci;

--
-- Dumping data for table `states`
--

INSERT INTO `states` (`id`, `name`, `created_at`, `updated_at`) VALUES
(1, 'Abia', '2024-10-17 14:11:59', '2024-10-17 14:11:59'),
(2, 'Adamawa', '2024-10-17 14:11:59', '2024-10-17 14:11:59'),
(3, 'Akwa Ibom', '2024-10-17 14:11:59', '2024-10-17 14:11:59'),
(4, 'Anambra', '2024-10-17 14:11:59', '2024-10-17 14:11:59'),
(5, 'Bauchi', '2024-10-17 14:11:59', '2024-10-17 14:11:59'),
(6, 'Bayelsa', '2024-10-17 14:11:59', '2024-10-17 14:11:59'),
(7, 'Benue', '2024-10-17 14:11:59', '2024-10-17 14:11:59'),
(8, 'Borno', '2024-10-17 14:11:59', '2024-10-17 14:11:59'),
(9, 'Cross River', '2024-10-17 14:11:59', '2024-10-17 14:11:59'),
(10, 'Delta', '2024-10-17 14:11:59', '2024-10-17 14:11:59'),
(11, 'Ebonyi', '2024-10-17 14:11:59', '2024-10-17 14:11:59'),
(12, 'Edo', '2024-10-17 14:11:59', '2024-10-17 14:11:59'),
(13, 'Ekiti', '2024-10-17 14:11:59', '2024-10-17 14:11:59'),
(14, 'Enugu', '2024-10-17 14:11:59', '2024-10-17 14:11:59'),
(15, 'FCT', '2024-10-17 14:11:59', '2024-10-17 14:11:59'),
(16, 'Gombe', '2024-10-17 14:11:59', '2024-10-17 14:11:59'),
(17, 'Imo', '2024-10-17 14:11:59', '2024-10-17 14:11:59'),
(18, 'Jigawa', '2024-10-17 14:11:59', '2024-10-17 14:11:59'),
(19, 'Kaduna', '2024-10-17 14:11:59', '2024-10-17 14:11:59'),
(20, 'Kano', '2024-10-17 14:11:59', '2024-10-17 14:11:59'),
(21, 'Katsina', '2024-10-17 14:11:59', '2024-10-17 14:11:59'),
(22, 'Kebbi', '2024-10-17 14:11:59', '2024-10-17 14:11:59'),
(23, 'Kogi', '2024-10-17 14:11:59', '2024-10-17 14:11:59'),
(24, 'Kwara', '2024-10-17 14:11:59', '2024-10-17 14:11:59'),
(25, 'Lagos', '2024-10-17 14:11:59', '2024-10-17 14:11:59'),
(26, 'Nasarawa', '2024-10-17 14:11:59', '2024-10-17 14:11:59'),
(27, 'Niger', '2024-10-17 14:11:59', '2024-10-17 14:11:59'),
(28, 'Ogun', '2024-10-17 14:11:59', '2024-10-17 14:11:59'),
(29, 'Ondo', '2024-10-17 14:11:59', '2024-10-17 14:11:59'),
(30, 'Osun', '2024-10-17 14:11:59', '2024-10-17 14:11:59'),
(31, 'Oyo', '2024-10-17 14:11:59', '2024-10-17 14:11:59'),
(32, 'Plateau', '2024-10-17 14:11:59', '2024-10-17 14:11:59'),
(33, 'Rivers', '2024-10-17 14:11:59', '2024-10-17 14:11:59'),
(34, 'Sokoto', '2024-10-17 14:11:59', '2024-10-17 14:11:59'),
(35, 'Taraba', '2024-10-17 14:11:59', '2024-10-17 14:11:59'),
(36, 'Yobe', '2024-10-17 14:11:59', '2024-10-17 14:11:59'),
(37, 'Zamfara', '2024-10-17 14:11:59', '2024-10-17 14:11:59');

-- --------------------------------------------------------

--
-- Table structure for table `student_records`
--

CREATE TABLE IF NOT EXISTS `student_records` (
  `id` int(10) UNSIGNED NOT NULL AUTO_INCREMENT,
  `user_id` int(10) UNSIGNED NOT NULL,
  `my_class_id` int(10) UNSIGNED NOT NULL,
  `section_id` int(10) UNSIGNED NOT NULL,
  `adm_no` varchar(30) DEFAULT NULL,
  `my_parent_id` int(10) UNSIGNED DEFAULT NULL,
  `dorm_id` int(10) UNSIGNED DEFAULT NULL,
  `dorm_room_no` varchar(255) DEFAULT NULL,
  `session` varchar(255) NOT NULL,
  `house` varchar(255) DEFAULT NULL,
  `age` tinyint(4) DEFAULT NULL,
  `year_admitted` varchar(255) DEFAULT NULL,
  `grad` tinyint(4) NOT NULL DEFAULT 0,
  `grad_date` varchar(255) DEFAULT NULL,
  `created_at` timestamp NULL DEFAULT NULL,
  `updated_at` timestamp NULL DEFAULT NULL,
  PRIMARY KEY (`id`),
  UNIQUE KEY `student_records_adm_no_unique` (`adm_no`),
  KEY `student_records_user_id_foreign` (`user_id`),
  KEY `student_records_my_class_id_foreign` (`my_class_id`),
  KEY `student_records_section_id_foreign` (`section_id`),
  KEY `student_records_my_parent_id_foreign` (`my_parent_id`),
  KEY `student_records_dorm_id_foreign` (`dorm_id`)
) ENGINE=InnoDB AUTO_INCREMENT=38 DEFAULT CHARSET=utf8mb4 COLLATE=utf8mb4_unicode_ci;

--
-- Dumping data for table `student_records`
--

INSERT INTO `student_records` (`id`, `user_id`, `my_class_id`, `section_id`, `adm_no`, `my_parent_id`, `dorm_id`, `dorm_room_no`, `session`, `house`, `age`, `year_admitted`, `grad`, `grad_date`, `created_at`, `updated_at`) VALUES
(1, 18, 1, 1, NULL, NULL, NULL, NULL, '2018-2019', NULL, NULL, NULL, 0, NULL, '2024-10-17 14:09:16', '2024-10-17 14:09:16'),
(2, 19, 1, 1, NULL, NULL, NULL, NULL, '2018-2019', NULL, NULL, NULL, 0, NULL, '2024-10-17 14:09:17', '2024-10-17 14:09:17'),
(3, 20, 1, 1, NULL, NULL, NULL, NULL, '2018-2019', NULL, NULL, NULL, 0, NULL, '2024-10-17 14:09:17', '2024-10-17 14:09:17'),
(4, 21, 1, 1, NULL, NULL, NULL, NULL, '2018-2019', NULL, NULL, NULL, 0, NULL, '2024-10-17 14:09:17', '2024-10-17 14:09:17'),
(5, 22, 1, 2, NULL, NULL, NULL, NULL, '2018-2019', NULL, NULL, NULL, 0, NULL, '2024-10-17 14:09:17', '2024-10-17 14:09:17'),
(6, 23, 1, 2, NULL, NULL, NULL, NULL, '2018-2019', NULL, NULL, NULL, 0, NULL, '2024-10-17 14:09:17', '2024-10-17 14:09:17'),
(7, 24, 1, 2, NULL, NULL, NULL, NULL, '2018-2019', NULL, NULL, NULL, 0, NULL, '2024-10-17 14:09:17', '2024-10-17 14:09:17'),
(8, 25, 2, 3, NULL, NULL, NULL, NULL, '2018-2019', NULL, NULL, NULL, 0, NULL, '2024-10-17 14:09:18', '2024-10-17 14:09:18'),
(9, 26, 2, 3, NULL, NULL, NULL, NULL, '2018-2019', NULL, NULL, NULL, 0, NULL, '2024-10-17 14:09:18', '2024-10-17 14:09:18'),
(10, 27, 2, 3, NULL, NULL, NULL, NULL, '2018-2019', NULL, NULL, NULL, 0, NULL, '2024-10-17 14:09:18', '2024-10-17 14:09:18'),
(11, 28, 2, 4, NULL, NULL, NULL, NULL, '2018-2019', NULL, NULL, NULL, 0, NULL, '2024-10-17 14:09:19', '2024-10-17 14:09:19'),
(12, 29, 2, 4, NULL, NULL, NULL, NULL, '2018-2019', NULL, NULL, NULL, 0, NULL, '2024-10-17 14:09:19', '2024-10-17 14:09:19'),
(13, 30, 2, 4, NULL, NULL, NULL, NULL, '2018-2019', NULL, NULL, NULL, 0, NULL, '2024-10-17 14:09:19', '2024-10-17 14:09:19'),
(14, 31, 3, 5, NULL, NULL, NULL, NULL, '2018-2019', NULL, NULL, NULL, 0, NULL, '2024-10-17 14:09:20', '2024-10-17 14:09:20'),
(15, 32, 3, 5, NULL, NULL, NULL, NULL, '2018-2019', NULL, NULL, NULL, 0, NULL, '2024-10-17 14:09:20', '2024-10-17 14:09:20'),
(16, 33, 3, 5, NULL, NULL, NULL, NULL, '2018-2019', NULL, NULL, NULL, 0, NULL, '2024-10-17 14:09:20', '2024-10-17 14:09:20'),
(17, 34, 4, 6, NULL, NULL, NULL, NULL, '2018-2019', NULL, NULL, NULL, 0, NULL, '2024-10-17 14:09:21', '2024-10-17 14:09:21'),
(18, 35, 4, 6, NULL, NULL, NULL, NULL, '2018-2019', NULL, NULL, NULL, 0, NULL, '2024-10-17 14:09:21', '2024-10-17 14:09:21'),
(19, 36, 4, 6, NULL, NULL, NULL, NULL, '2018-2019', NULL, NULL, NULL, 0, NULL, '2024-10-17 14:09:21', '2024-10-17 14:09:21'),
(20, 37, 5, 7, NULL, NULL, NULL, NULL, '2018-2019', NULL, NULL, NULL, 0, NULL, '2024-10-17 14:09:22', '2024-10-17 14:09:22'),
(21, 38, 5, 7, NULL, NULL, NULL, NULL, '2018-2019', NULL, NULL, NULL, 0, NULL, '2024-10-17 14:09:22', '2024-10-17 14:09:22'),
(22, 39, 5, 7, NULL, NULL, NULL, NULL, '2018-2019', NULL, NULL, NULL, 0, NULL, '2024-10-17 14:09:22', '2024-10-17 14:09:22'),
(23, 40, 7, 9, NULL, NULL, NULL, NULL, '2019-2020', NULL, NULL, NULL, 0, NULL, '2024-10-17 14:09:22', '2024-10-17 20:04:13'),
(24, 41, 7, 9, NULL, NULL, NULL, NULL, '2019-2020', NULL, NULL, NULL, 0, NULL, '2024-10-17 14:09:22', '2024-10-17 19:52:50'),
(25, 42, 7, 9, NULL, NULL, NULL, NULL, '2019-2020', NULL, NULL, NULL, 0, NULL, '2024-10-17 14:09:22', '2024-10-17 19:52:50'),
(26, 43, 7, 9, NULL, NULL, NULL, NULL, '2018-2019', NULL, NULL, NULL, 0, NULL, '2024-10-17 14:09:23', '2024-10-17 14:09:23'),
(27, 44, 7, 9, NULL, NULL, NULL, NULL, '2018-2019', NULL, NULL, NULL, 0, NULL, '2024-10-17 14:09:23', '2024-10-17 14:09:23'),
(28, 45, 7, 9, NULL, NULL, NULL, NULL, '2018-2019', NULL, NULL, NULL, 0, NULL, '2024-10-17 14:09:23', '2024-10-17 14:09:23'),
(29, 46, 8, 10, NULL, NULL, NULL, NULL, '2018-2019', NULL, NULL, NULL, 0, NULL, '2024-10-17 14:09:24', '2024-10-17 14:09:24'),
(30, 47, 8, 10, NULL, NULL, NULL, NULL, '2018-2019', NULL, NULL, NULL, 0, NULL, '2024-10-17 14:09:24', '2024-10-17 14:09:24'),
(31, 48, 8, 10, NULL, NULL, NULL, NULL, '2018-2019', NULL, NULL, NULL, 0, NULL, '2024-10-17 14:09:24', '2024-10-17 14:09:24'),
(32, 49, 9, 11, NULL, NULL, NULL, NULL, '2018-2019', NULL, NULL, NULL, 0, NULL, '2024-10-17 14:09:25', '2024-10-17 14:09:25'),
(33, 50, 9, 11, NULL, NULL, NULL, NULL, '2018-2019', NULL, NULL, NULL, 0, NULL, '2024-10-17 14:09:25', '2024-10-17 14:09:25'),
(34, 51, 9, 11, NULL, NULL, NULL, NULL, '2018-2019', NULL, NULL, NULL, 0, NULL, '2024-10-17 14:09:25', '2024-10-17 14:09:25'),
(35, 52, 10, 12, NULL, NULL, NULL, NULL, '2018-2019', NULL, NULL, NULL, 0, NULL, '2024-10-17 14:09:26', '2024-10-17 14:09:26'),
(36, 53, 10, 12, NULL, NULL, NULL, NULL, '2018-2019', NULL, NULL, NULL, 0, NULL, '2024-10-17 14:09:26', '2024-10-17 14:09:26'),
(37, 54, 10, 12, NULL, NULL, NULL, NULL, '2018-2019', NULL, NULL, NULL, 0, NULL, '2024-10-17 14:09:26', '2024-10-17 14:09:26');

-- --------------------------------------------------------

--
-- Table structure for table `subjects`
--

CREATE TABLE IF NOT EXISTS `subjects` (
  `id` int(10) UNSIGNED NOT NULL AUTO_INCREMENT,
  `name` varchar(100) NOT NULL,
  `slug` varchar(100) NOT NULL,
  `my_class_id` int(10) UNSIGNED NOT NULL,
  `teacher_id` int(10) UNSIGNED NOT NULL,
  `created_at` timestamp NULL DEFAULT NULL,
  `updated_at` timestamp NULL DEFAULT NULL,
  PRIMARY KEY (`id`),
  UNIQUE KEY `subjects_my_class_id_name_unique` (`my_class_id`,`name`),
  KEY `subjects_teacher_id_foreign` (`teacher_id`)
) ENGINE=InnoDB AUTO_INCREMENT=29 DEFAULT CHARSET=utf8mb4 COLLATE=utf8mb4_unicode_ci;

--
-- Dumping data for table `subjects`
--

INSERT INTO `subjects` (`id`, `name`, `slug`, `my_class_id`, `teacher_id`, `created_at`, `updated_at`) VALUES
(1, 'English Language', 'Eng', 1, 3, NULL, NULL),
(2, 'Mathematics', 'Math', 1, 3, NULL, NULL),
(3, 'English Language', 'Eng', 2, 3, NULL, NULL),
(4, 'Mathematics', 'Math', 2, 3, NULL, NULL),
(5, 'English Language', 'Eng', 3, 3, NULL, NULL),
(6, 'Mathematics', 'Math', 3, 3, NULL, NULL),
(7, 'English Language', 'Eng', 4, 3, NULL, NULL),
(8, 'Mathematics', 'Math', 4, 3, NULL, NULL),
(9, 'English Language', 'Eng', 5, 3, NULL, NULL),
(10, 'Mathematics', 'Math', 5, 3, NULL, NULL),
(11, 'English Language', 'Eng', 6, 3, NULL, NULL),
(12, 'Mathematics', 'Math', 6, 3, NULL, NULL),
(13, 'English Language', 'Eng', 7, 3, NULL, NULL),
(14, 'Mathematics', 'Math', 7, 3, NULL, NULL),
(15, 'English Language', 'Eng', 8, 3, NULL, NULL),
(16, 'Mathematics', 'Math', 8, 3, NULL, NULL),
(17, 'English Language', 'Eng', 9, 3, NULL, NULL),
(18, 'Mathematics', 'Math', 9, 3, NULL, NULL),
(19, 'English Language', 'Eng', 10, 3, NULL, NULL),
(20, 'Mathematics', 'Math', 10, 3, NULL, NULL),
(21, 'Chemistry', 'chem', 7, 7, '2024-10-17 14:31:28', '2024-10-17 14:31:28'),
(22, 'Physics', 'phy', 6, 3, '2024-10-17 18:28:59', '2024-10-17 18:28:59'),
(23, 'Biology', 'bio', 6, 15, '2024-10-17 18:29:11', '2024-10-17 18:29:11'),
(24, 'Geography', 'geo', 6, 15, '2024-10-17 18:29:33', '2024-10-17 18:29:33'),
(25, 'ICT', 'ict', 6, 7, '2024-10-17 18:31:19', '2024-10-17 18:31:19'),
(26, 'Arts & Design', 'ade', 6, 7, '2024-10-17 18:32:02', '2024-10-17 18:32:02'),
(27, 'D&T', 'd&t', 6, 7, '2024-10-17 18:32:20', '2024-10-17 18:32:20'),
(28, 'Additional Mathematics', 'Addmath', 6, 11, '2024-10-17 18:33:18', '2024-10-17 18:33:18');

-- --------------------------------------------------------

--
-- Table structure for table `time_slots`
--

CREATE TABLE IF NOT EXISTS `time_slots` (
  `id` int(10) UNSIGNED NOT NULL AUTO_INCREMENT,
  `ttr_id` int(10) UNSIGNED NOT NULL,
  `hour_from` tinyint(4) NOT NULL,
  `min_from` varchar(2) NOT NULL,
  `meridian_from` varchar(2) NOT NULL,
  `hour_to` tinyint(4) NOT NULL,
  `min_to` varchar(2) NOT NULL,
  `meridian_to` varchar(2) NOT NULL,
  `time_from` varchar(100) NOT NULL,
  `time_to` varchar(100) NOT NULL,
  `timestamp_from` varchar(50) NOT NULL,
  `timestamp_to` varchar(50) NOT NULL,
  `full` varchar(100) NOT NULL,
  `created_at` timestamp NULL DEFAULT NULL,
  `updated_at` timestamp NULL DEFAULT NULL,
  PRIMARY KEY (`id`),
  UNIQUE KEY `time_slots_timestamp_from_timestamp_to_ttr_id_unique` (`timestamp_from`,`timestamp_to`,`ttr_id`),
  KEY `time_slots_ttr_id_foreign` (`ttr_id`)
) ENGINE=InnoDB AUTO_INCREMENT=2 DEFAULT CHARSET=utf8mb4 COLLATE=utf8mb4_unicode_ci;

--
-- Dumping data for table `time_slots`
--

INSERT INTO `time_slots` (`id`, `ttr_id`, `hour_from`, `min_from`, `meridian_from`, `hour_to`, `min_to`, `meridian_to`, `time_from`, `time_to`, `timestamp_from`, `timestamp_to`, `full`, `created_at`, `updated_at`) VALUES
(1, 2, 1, '10', 'PM', 2, '10', 'PM', '1:10 PM', '2:10 PM', '1729170600', '1729174200', '1:10 PM - 2:10 PM', '2024-10-17 17:43:29', '2024-10-17 17:43:29');

-- --------------------------------------------------------

--
-- Table structure for table `time_tables`
--

CREATE TABLE IF NOT EXISTS `time_tables` (
  `id` int(10) UNSIGNED NOT NULL AUTO_INCREMENT,
  `ttr_id` int(10) UNSIGNED NOT NULL,
  `ts_id` int(10) UNSIGNED NOT NULL,
  `subject_id` int(10) UNSIGNED DEFAULT NULL,
  `exam_date` varchar(50) DEFAULT NULL,
  `timestamp_from` varchar(100) NOT NULL,
  `timestamp_to` varchar(100) NOT NULL,
  `day` varchar(50) DEFAULT NULL,
  `day_num` tinyint(4) DEFAULT NULL,
  `created_at` timestamp NULL DEFAULT NULL,
  `updated_at` timestamp NULL DEFAULT NULL,
  PRIMARY KEY (`id`),
  UNIQUE KEY `time_tables_ttr_id_ts_id_day_unique` (`ttr_id`,`ts_id`,`day`),
  UNIQUE KEY `time_tables_ttr_id_ts_id_exam_date_unique` (`ttr_id`,`ts_id`,`exam_date`),
  KEY `time_tables_ts_id_foreign` (`ts_id`),
  KEY `time_tables_subject_id_foreign` (`subject_id`)
) ENGINE=InnoDB AUTO_INCREMENT=2 DEFAULT CHARSET=utf8mb4 COLLATE=utf8mb4_unicode_ci;

--
-- Dumping data for table `time_tables`
--

INSERT INTO `time_tables` (`id`, `ttr_id`, `ts_id`, `subject_id`, `exam_date`, `timestamp_from`, `timestamp_to`, `day`, `day_num`, `created_at`, `updated_at`) VALUES
(1, 2, 1, 11, '10/01/2024', '1727788200', '1727791800', NULL, NULL, '2024-10-17 17:43:53', '2024-10-17 17:43:53');

-- --------------------------------------------------------

--
-- Table structure for table `time_table_records`
--

CREATE TABLE IF NOT EXISTS `time_table_records` (
  `id` int(10) UNSIGNED NOT NULL AUTO_INCREMENT,
  `name` varchar(100) NOT NULL,
  `my_class_id` int(10) UNSIGNED NOT NULL,
  `exam_id` int(10) UNSIGNED DEFAULT NULL,
  `year` varchar(100) NOT NULL,
  `created_at` timestamp NULL DEFAULT NULL,
  `updated_at` timestamp NULL DEFAULT NULL,
  PRIMARY KEY (`id`),
  UNIQUE KEY `time_table_records_name_unique` (`name`),
  UNIQUE KEY `time_table_records_my_class_id_exam_id_year_unique` (`my_class_id`,`exam_id`,`year`),
  KEY `time_table_records_exam_id_foreign` (`exam_id`)
) ENGINE=InnoDB AUTO_INCREMENT=3 DEFAULT CHARSET=utf8mb4 COLLATE=utf8mb4_unicode_ci;

--
-- Dumping data for table `time_table_records`
--

INSERT INTO `time_table_records` (`id`, `name`, `my_class_id`, `exam_id`, `year`, `created_at`, `updated_at`) VALUES
(1, 'Week 1', 6, NULL, '2018-2019', '2024-10-17 17:37:51', '2024-10-17 17:37:51'),
(2, 'Xmas Time Table', 6, 1, '2018-2019', '2024-10-17 17:40:28', '2024-10-17 17:40:28');

-- --------------------------------------------------------

--
-- Table structure for table `users`
--

CREATE TABLE IF NOT EXISTS `users` (
  `id` int(10) UNSIGNED NOT NULL AUTO_INCREMENT,
  `name` varchar(255) NOT NULL,
  `email` varchar(100) DEFAULT NULL,
  `code` varchar(100) NOT NULL,
  `username` varchar(100) DEFAULT NULL,
  `user_type` varchar(255) NOT NULL,
  `dob` varchar(255) DEFAULT NULL,
  `gender` varchar(255) DEFAULT NULL,
  `photo` varchar(255) NOT NULL DEFAULT 'http://localhost/global_assets/images/user.png',
  `phone` varchar(255) DEFAULT NULL,
  `phone2` varchar(255) DEFAULT NULL,
  `bg_id` int(10) UNSIGNED DEFAULT NULL,
  `state_id` int(10) UNSIGNED DEFAULT NULL,
  `lga_id` int(10) UNSIGNED DEFAULT NULL,
  `nal_id` int(10) UNSIGNED DEFAULT NULL,
  `address` varchar(255) DEFAULT NULL,
  `email_verified_at` timestamp NULL DEFAULT NULL,
  `password` varchar(255) NOT NULL,
  `remember_token` varchar(100) DEFAULT NULL,
  `created_at` timestamp NULL DEFAULT NULL,
  `updated_at` timestamp NULL DEFAULT NULL,
  PRIMARY KEY (`id`),
  UNIQUE KEY `users_code_unique` (`code`),
  UNIQUE KEY `users_email_unique` (`email`),
  UNIQUE KEY `users_username_unique` (`username`),
  KEY `users_state_id_foreign` (`state_id`),
  KEY `users_lga_id_foreign` (`lga_id`),
  KEY `users_bg_id_foreign` (`bg_id`),
  KEY `users_nal_id_foreign` (`nal_id`)
) ENGINE=InnoDB AUTO_INCREMENT=55 DEFAULT CHARSET=utf8mb4 COLLATE=utf8mb4_unicode_ci;

--
-- Dumping data for table `users`
--

INSERT INTO `users` (`id`, `name`, `email`, `code`, `username`, `user_type`, `dob`, `gender`, `photo`, `phone`, `phone2`, `bg_id`, `state_id`, `lga_id`, `nal_id`, `address`, `email_verified_at`, `password`, `remember_token`, `created_at`, `updated_at`) VALUES
(1, 'CJ Inspired', 'cj@cj.com', 'XIREWSOQQ7', 'cj', 'super_admin', NULL, NULL, 'global_assets/images/user.png', '09062684833', '08138600137', NULL, NULL, NULL, NULL, '18 Ladoke Akintola Street GRA', NULL, '$2y$12$uomG9lkjdaYstakZnDQ64esMQ7dSWs2Pw7SidzHxbIMeid6oZW5em', '4lhuykzY9rYwBfeD3ruxMVHM76qq181pVmiNECpXFx3BkOzYYyA7fsv0zPod', NULL, '2024-10-17 17:19:19'),
(2, 'Admin KORA', 'admin@admin.com', 'TAYVLVDNHT', 'admin', 'admin', NULL, NULL, 'global_assets/images/user.png', NULL, NULL, NULL, NULL, NULL, NULL, NULL, NULL, '$2y$12$uomG9lkjdaYstakZnDQ64esMQ7dSWs2Pw7SidzHxbIMeid6oZW5em', '5LnDwNV8Do', NULL, NULL),
(3, 'Teacher Chike', 'teacher@teacher.com', 'KLJFDA1S0A', 'teacher', 'teacher', NULL, NULL, 'global_assets/images/user.png', NULL, NULL, NULL, NULL, NULL, NULL, NULL, NULL, '$2y$12$uomG9lkjdaYstakZnDQ64esMQ7dSWs2Pw7SidzHxbIMeid6oZW5em', 'BaR8d9lSHc', NULL, NULL),
(4, 'Parent Kaba', 'parent@parent.com', 'IR05FFGCXG', 'parent', 'parent', NULL, NULL, 'http://localhost/global_assets/images/user.png', NULL, NULL, NULL, NULL, NULL, NULL, NULL, NULL, '$2y$12$uomG9lkjdaYstakZnDQ64esMQ7dSWs2Pw7SidzHxbIMeid6oZW5em', 'qwA2pLfd6R', NULL, NULL),
(5, 'Accountant Jeff', 'accountant@accountant.com', 'IDPBDNHBYU', 'accountant', 'accountant', NULL, NULL, 'http://localhost/global_assets/images/user.png', NULL, NULL, NULL, NULL, NULL, NULL, NULL, NULL, '$2y$12$uomG9lkjdaYstakZnDQ64esMQ7dSWs2Pw7SidzHxbIMeid6oZW5em', 'HMAMPrw1xJ', NULL, NULL),
(6, 'Admin 1', 'admin1@admin.com', 'LY4EJXRP3J', 'admin1', 'admin', NULL, NULL, 'http://localhost/global_assets/images/user.png', NULL, NULL, NULL, NULL, NULL, NULL, NULL, NULL, '$2y$12$3tf4mdg2dhKJxjKp9Gwtze/rx.T3eSxGowagjWziZ8xoqYCDl88Cu', 'bp3dvBj8bq', NULL, NULL),
(7, 'Teacher 1', 'teacher1@teacher.com', 'HMZBE9CJM8', 'teacher1', 'teacher', NULL, NULL, 'http://localhost/global_assets/images/user.png', NULL, NULL, NULL, NULL, NULL, NULL, NULL, NULL, '$2y$12$bdiVezO.DnHI7bJp4/8FKOMe0eSFaK9wtwDw7NtL/N2z2Z3q2gJm2', 'E2OuYUl13f', NULL, '2024-10-20 17:32:13'),
(8, 'Accountant 1', 'accountant1@accountant.com', 'MFXQA6TI9A', 'accountant1', 'accountant', NULL, NULL, 'http://localhost/global_assets/images/user.png', NULL, NULL, NULL, NULL, NULL, NULL, NULL, NULL, '$2y$12$5fWb7.9W8K8GaxgK8B4TauwAkfxA0waD0dr.Mp.UVZL24sgpQxBSy', 'WRxTxdwjRm', NULL, NULL),
(9, 'Parent 1', 'parent1@parent.com', 'MXETIWVA0R', 'parent1', 'parent', NULL, NULL, 'http://localhost/global_assets/images/user.png', NULL, NULL, NULL, NULL, NULL, NULL, NULL, NULL, '$2y$12$FHR.ZBdRpDyUUj6CvrM7LOqZ0Oogb6uTPO0H.nqw3YMbpqHIHuDAW', 'm5r5PJdw6A', NULL, NULL),
(10, 'Admin 2', 'admin2@admin.com', 'KDSPGMJ9FU', 'admin2', 'admin', NULL, NULL, 'http://localhost/global_assets/images/user.png', NULL, NULL, NULL, NULL, NULL, NULL, NULL, NULL, '$2y$12$XMdbbl.7.eGXCMcb9fIvGO7D7HNR6C4bkJG8djC39omM.6qVZ1reK', 'QQnjvbv2XP', NULL, NULL),
(11, 'Teacher 2', 'teacher2@teacher.com', 'RE0PJU2F2G', 'teacher2', 'teacher', NULL, NULL, 'http://localhost/global_assets/images/user.png', NULL, NULL, NULL, NULL, NULL, NULL, NULL, NULL, '$2y$12$IafYWkhvUr2S5N1S9QInNeqC6jeKr4rXn9qVYCxWEeqmzLLHYvzxG', 'NDJ8D6ZBjF', NULL, NULL),
(12, 'Accountant 2', 'accountant2@accountant.com', 'TH3CPF3QJE', 'accountant2', 'accountant', NULL, NULL, 'http://localhost/global_assets/images/user.png', NULL, NULL, NULL, NULL, NULL, NULL, NULL, NULL, '$2y$12$DmEdp5Y3/6BLLHJVVhHf4OzA9dc139NKCo5N5nNzHZ4Mbxv8ErCnK', 'cwaYem8c2y', NULL, NULL),
(13, 'Parent 2', 'parent2@parent.com', 'AM240H5LZI', 'parent2', 'parent', NULL, NULL, 'http://localhost/global_assets/images/user.png', NULL, NULL, NULL, NULL, NULL, NULL, NULL, NULL, '$2y$12$diTeCbZWrvtnpH2Aoam3COPYxuvB9qF/R3ElJ1E5IMXGEtjiNnbk6', 'euMD5irZqJ', NULL, NULL),
(14, 'Admin 3', 'admin3@admin.com', 'C4E65Z3XPP', 'admin3', 'admin', NULL, NULL, 'http://localhost/global_assets/images/user.png', NULL, NULL, NULL, NULL, NULL, NULL, NULL, NULL, '$2y$12$dwWmmcWdDQTIT.HXA2qC2O96PN8rxQKFZ1dwTqSbK8Euz1JaA1KIe', 'R0mVEDj4fJ', NULL, NULL),
(15, 'Teacher 3', 'teacher3@teacher.com', 'OVPGTR5UTY', 'teacher3', 'teacher', NULL, NULL, 'http://localhost/global_assets/images/user.png', NULL, NULL, NULL, NULL, NULL, NULL, NULL, NULL, '$2y$12$xZ0to9vRaQJJL4ePYm5Yv.7qLSfBOmlG2aqHhfYSN5Db04nk7//bG', 'HPjHN8jrp7', NULL, NULL),
(16, 'Accountant 3', 'accountant3@accountant.com', 'TCUJWLS2CX', 'accountant3', 'accountant', NULL, NULL, 'global_assets/images/user.png', NULL, NULL, NULL, NULL, NULL, NULL, NULL, NULL, '$2y$12$sVpDMf6ZzzTs5KbhvBxQae6bRJ1HA7Sps6IWDNSC3mu.1D9VLXJ7W', 'cAEV4Tg4EQ', NULL, NULL),
(17, 'Parent 3', 'parent3@parent.com', 'SOGYGMXA8B', 'parent3', 'parent', NULL, NULL, 'global_assets/images/user.png', NULL, NULL, NULL, NULL, NULL, NULL, NULL, NULL, '$2y$12$L6YO2sU6eC16lrz3ihe3AOI7vVCzcnx0RRYw01F1.AbvlPU6XMx8K', '2X7j3D6eTR', NULL, NULL),
(18, 'Student CJ', 'student@student.com', 'X7I59SXTLX', 'student', 'student', NULL, NULL, 'global_assets/images/user.png', NULL, NULL, NULL, NULL, NULL, NULL, NULL, NULL, '$2y$12$pa.SFn1BhbOoMXNPluu0r.RLP22F9NOH/i1HVF6HSDIpIyrfXxoM.', 'mZ3i12AHKa', '2024-10-17 14:09:16', '2024-10-17 14:09:16'),
(19, 'Electa Runte', 'fmetz@example.com', 'IP8ZHHWDAS', 'sage.goyette', 'student', NULL, NULL, 'global_assets/images/user.png', NULL, NULL, NULL, NULL, NULL, NULL, NULL, NULL, '$2y$12$zJ2F3tF4ecTjAUul4kwakuwIKuHT6sglu637xcSZZfbQmOadLrbSG', 'Wf3hnNGORh', '2024-10-17 14:09:17', '2024-10-17 14:09:17'),
(20, 'Carmen Feil', 'bernier.mitchel@example.org', 'N7MW1QEWGW', 'ruben07', 'student', NULL, NULL, 'global_assets/images/user.png', NULL, NULL, NULL, NULL, NULL, NULL, NULL, NULL, '$2y$12$zJ2F3tF4ecTjAUul4kwakuwIKuHT6sglu637xcSZZfbQmOadLrbSG', 'zJTXUMEVfM', '2024-10-17 14:09:17', '2024-10-17 14:09:17'),
(21, 'Abe Willms', 'ischamberger@example.com', 'FWWDSA2D0R', 'merlin.kozey', 'student', NULL, NULL, 'global_assets/images/user.png', NULL, NULL, NULL, NULL, NULL, NULL, NULL, NULL, '$2y$12$zJ2F3tF4ecTjAUul4kwakuwIKuHT6sglu637xcSZZfbQmOadLrbSG', 'KNVX9axCWw', '2024-10-17 14:09:17', '2024-10-17 14:09:17'),
(22, 'Prof. Marshall Reynolds', 'dedric29@example.com', 'QVQIRKRO4F', 'gkuhn', 'student', NULL, NULL, 'global_assets/images/user.png', NULL, NULL, NULL, NULL, NULL, NULL, NULL, NULL, '$2y$12$Qog3y4qAYy24JZJMp1Yu7e0f.HYSBusQHG44P8wblpLdoWUwyR97C', 'tl6MoDXoLf', '2024-10-17 14:09:17', '2024-10-17 14:09:17'),
(23, 'Garret Zboncak', 'arnold.conroy@example.com', '180YYNSXTZ', 'olga82', 'student', NULL, NULL, 'global_assets/images/user.png', NULL, NULL, NULL, NULL, NULL, NULL, NULL, NULL, '$2y$12$Qog3y4qAYy24JZJMp1Yu7e0f.HYSBusQHG44P8wblpLdoWUwyR97C', 'mKPDmQTRMC', '2024-10-17 14:09:17', '2024-10-17 14:09:17'),
(24, 'Prof. Jamil Aufderhar', 'ortiz.bridie@example.com', 'KEWYOLQNTC', 'providenci.cronin', 'student', NULL, NULL, 'global_assets/images/user.png', NULL, NULL, NULL, NULL, NULL, NULL, NULL, NULL, '$2y$12$Qog3y4qAYy24JZJMp1Yu7e0f.HYSBusQHG44P8wblpLdoWUwyR97C', 'ldApXKQ0KH', '2024-10-17 14:09:17', '2024-10-17 14:09:17'),
(25, 'Mr. Ashton Bruen Sr.', 'candido46@example.org', 'DJJYWIHBZK', 'vjohnston', 'student', NULL, NULL, 'global_assets/images/user.png', NULL, NULL, NULL, NULL, NULL, NULL, NULL, NULL, '$2y$12$1baxS3yBJcSGKiE4hFA8eux0WYsH9JfbRjuvjMjjwhdeRQx4.gING', 'FemW0TxJSC', '2024-10-17 14:09:18', '2024-10-17 14:09:18'),
(26, 'Danika Mayer Sr.', 'heidenreich.berneice@example.net', 'VDFS8A9ZBJ', 'noe08', 'student', NULL, NULL, 'global_assets/images/user.png', NULL, NULL, NULL, NULL, NULL, NULL, NULL, NULL, '$2y$12$1baxS3yBJcSGKiE4hFA8eux0WYsH9JfbRjuvjMjjwhdeRQx4.gING', 'NoON224cLV', '2024-10-17 14:09:18', '2024-10-17 14:09:18'),
(27, 'Drew Franecki', 'shields.alyce@example.net', 'QVLFMMF0JR', 'bradly.lind', 'student', NULL, NULL, 'global_assets/images/user.png', NULL, NULL, NULL, NULL, NULL, NULL, NULL, NULL, '$2y$12$1baxS3yBJcSGKiE4hFA8eux0WYsH9JfbRjuvjMjjwhdeRQx4.gING', '8FCnGeDmEk', '2024-10-17 14:09:18', '2024-10-17 14:09:18'),
(28, 'Dixie Cronin PhD', 'maggio.bradly@example.net', 'VHHN5FCFYW', 'arnulfo17', 'student', NULL, NULL, 'global_assets/images/user.png', NULL, NULL, NULL, NULL, NULL, NULL, NULL, NULL, '$2y$12$eALbu.7dtRugHbxiR/PfH.y51pMFc2dq6XX0ZfkVLir5O/TunEH7q', 'mBeXWFc0a0', '2024-10-17 14:09:19', '2024-10-17 14:09:19'),
(29, 'Devante Gulgowski Jr.', 'zachary79@example.net', '3PMLRMONAZ', 'bgraham', 'student', NULL, NULL, 'global_assets/images/user.png', NULL, NULL, NULL, NULL, NULL, NULL, NULL, NULL, '$2y$12$eALbu.7dtRugHbxiR/PfH.y51pMFc2dq6XX0ZfkVLir5O/TunEH7q', 'lss594FXDq', '2024-10-17 14:09:19', '2024-10-17 14:09:19'),
(30, 'Raphael Gaylord', 'karli71@example.org', 'X3H1BNAGLO', 'cordell.sauer', 'student', NULL, NULL, 'global_assets/images/user.png', NULL, NULL, NULL, NULL, NULL, NULL, NULL, NULL, '$2y$12$eALbu.7dtRugHbxiR/PfH.y51pMFc2dq6XX0ZfkVLir5O/TunEH7q', 'wVQfxAzxpn', '2024-10-17 14:09:19', '2024-10-17 14:09:19'),
(31, 'Bartholome Jaskolski Sr.', 'xlabadie@example.com', 'QURTCVFJVL', 'braun.ladarius', 'student', NULL, NULL, 'http://localhost/global_assets/images/user.png', NULL, NULL, NULL, NULL, NULL, NULL, NULL, NULL, '$2y$12$rzrBwm36u.99XXQCOKnXwOf7jElJhIzRECRkilk4t2ic5CY63y/qO', 'SnzGVY5FeP', '2024-10-17 14:09:20', '2024-10-17 14:09:20'),
(32, 'Kendra Macejkovic', 'larue.volkman@example.org', 'HBZEJAA5MP', 'wilford.schowalter', 'student', NULL, NULL, 'http://localhost/global_assets/images/user.png', NULL, NULL, NULL, NULL, NULL, NULL, NULL, NULL, '$2y$12$rzrBwm36u.99XXQCOKnXwOf7jElJhIzRECRkilk4t2ic5CY63y/qO', 'Vpyeuwl6eX', '2024-10-17 14:09:20', '2024-10-17 14:09:20'),
(33, 'Aric Reilly', 'anderson.madaline@example.org', 'WZ3R3U3NHV', 'annabel.buckridge', 'student', NULL, NULL, 'http://localhost/global_assets/images/user.png', NULL, NULL, NULL, NULL, NULL, NULL, NULL, NULL, '$2y$12$rzrBwm36u.99XXQCOKnXwOf7jElJhIzRECRkilk4t2ic5CY63y/qO', 'V4eWUpCc60', '2024-10-17 14:09:20', '2024-10-17 14:09:20'),
(34, 'Mack Johnson', 'lbahringer@example.org', 'FQVBHVNPWO', 'khessel', 'student', NULL, NULL, 'global_assets/images/user.png', NULL, NULL, NULL, NULL, NULL, NULL, NULL, NULL, '$2y$12$Df0ktZ1t3.LpgjzNTbin7.u1yw7J1tDqQEKb331Q5/4s2Nre.DfVK', 'eDcSdLg2c04OFct3BBPyvHICYJEdCE2seNOMpUqMHlM2KWcfwEOr8CnWRhUJ', '2024-10-17 14:09:21', '2024-10-17 14:09:21'),
(35, 'Dr. Marielle Johnson', 'viva.schimmel@example.net', '0YTPY9VKHF', 'yazmin.hegmann', 'student', NULL, NULL, 'global_assets/images/user.png', NULL, NULL, NULL, NULL, NULL, NULL, NULL, NULL, '$2y$12$Df0ktZ1t3.LpgjzNTbin7.u1yw7J1tDqQEKb331Q5/4s2Nre.DfVK', 'lF2KZIYq91', '2024-10-17 14:09:21', '2024-10-17 14:09:21'),
(36, 'Ashley Ondricka', 'roob.dora@example.org', 'JWT2PWTMDK', 'maeve62', 'student', NULL, NULL, 'global_assets/images/user.png', NULL, NULL, NULL, NULL, NULL, NULL, NULL, NULL, '$2y$12$Df0ktZ1t3.LpgjzNTbin7.u1yw7J1tDqQEKb331Q5/4s2Nre.DfVK', 'eekiz6dqdQ', '2024-10-17 14:09:21', '2024-10-17 14:09:21'),
(37, 'Dr. Amira Becker', 'afton63@example.net', 'JKLIAUEISV', 'jschumm', 'student', NULL, NULL, 'global_assets/images/user.png', NULL, NULL, NULL, NULL, NULL, NULL, NULL, NULL, '$2y$12$ORUieEn9BXrNCLeLBpYBXOBPvwHNYYQ/2SjwfUQ5KNVWxgVxv5vN.', 'rwyCGzeEUB', '2024-10-17 14:09:22', '2024-10-17 14:09:22'),
(38, 'Jeramie Kuphal', 'abernathy.johnson@example.com', '9JEMMZ4GOK', 'erdman.abbey', 'student', NULL, NULL, 'global_assets/images/user.png', NULL, NULL, NULL, NULL, NULL, NULL, NULL, NULL, '$2y$12$ORUieEn9BXrNCLeLBpYBXOBPvwHNYYQ/2SjwfUQ5KNVWxgVxv5vN.', 'BqvLG3A3TD', '2024-10-17 14:09:22', '2024-10-17 14:09:22'),
(39, 'Augusta Greenfelder', 'dee.dicki@example.net', '1EMZRMJDSI', 'shad.blanda', 'student', NULL, NULL, 'global_assets/images/user.png', NULL, NULL, NULL, NULL, NULL, NULL, NULL, NULL, '$2y$12$ORUieEn9BXrNCLeLBpYBXOBPvwHNYYQ/2SjwfUQ5KNVWxgVxv5vN.', 'goUXqv00dB', '2024-10-17 14:09:22', '2024-10-17 14:09:22'),
(40, 'Chesley Hills MD', 'elena72@example.com', 'ZRANF81FWD', 'keeling.kathleen', 'student', NULL, NULL, 'global_assets/images/user.png', NULL, NULL, NULL, NULL, NULL, NULL, NULL, NULL, '$2y$12$LHAhQmjEQYRYPh3Aq9ZU0e0iO77EItdSoq2jIX5tw4vUg67SoZCZa', 'LnYssl7Jo68e2nJNmMiChF9u7AzAnHrKeLmsBKBdD3miBuLubXRlP9g9rifa', '2024-10-17 14:09:22', '2024-10-17 18:40:33'),
(41, 'Vincenza Yost', 'laura.walsh@example.com', 'MNBH5XZPZC', 'greg19', 'student', NULL, NULL, 'global_assets/images/user.png', NULL, NULL, NULL, NULL, NULL, NULL, NULL, NULL, '$2y$12$GJME5AJyVZrfieuGRpCxBum6Txh2jYj5VJdeBF2y31/GncfThFPta', 'Vf1e2FOUzd', '2024-10-17 14:09:22', '2024-10-17 14:09:22'),
(42, 'Marquis Cummerata', 'gusikowski.ceasar@example.org', 'SVD6GU2YHV', 'traynor', 'student', NULL, NULL, 'global_assets/images/user.png', NULL, NULL, NULL, NULL, NULL, NULL, NULL, NULL, '$2y$12$GJME5AJyVZrfieuGRpCxBum6Txh2jYj5VJdeBF2y31/GncfThFPta', 'wKyZvzSB29Jz9dP2mJEAcxmwmMkfiTQu1ILqc894oNMSguc9WcobGLebhsiT', '2024-10-17 14:09:22', '2024-10-17 14:09:22'),
(43, 'Eldridge D\'Amore', 'sanford.scotty@example.org', '7WW6JROS5G', 'jstracke', 'student', NULL, NULL, 'global_assets/images/user.png', NULL, NULL, NULL, NULL, NULL, NULL, NULL, NULL, '$2y$12$Qx1T739SG5bBq9yP3O7Bm.u/6BpTEsbsLwlRDHRo/TzAuordhP8iq', 'sI2IA8yaek', '2024-10-17 14:09:23', '2024-10-17 14:09:23'),
(44, 'Ephraim Yundt', 'qdeckow@example.com', 'XWGZQ2K3A6', 'bridie.stroman', 'student', NULL, NULL, 'http://localhost/global_assets/images/user.png', NULL, NULL, NULL, NULL, NULL, NULL, NULL, NULL, '$2y$12$Qx1T739SG5bBq9yP3O7Bm.u/6BpTEsbsLwlRDHRo/TzAuordhP8iq', 'm2zdPi1hdp', '2024-10-17 14:09:23', '2024-10-17 14:09:23'),
(45, 'Kyleigh Toy I', 'volkman.jake@example.org', 'BQRIKCLLYB', 'marcel.schuster', 'student', NULL, NULL, 'http://localhost/global_assets/images/user.png', NULL, NULL, NULL, NULL, NULL, NULL, NULL, NULL, '$2y$12$Qx1T739SG5bBq9yP3O7Bm.u/6BpTEsbsLwlRDHRo/TzAuordhP8iq', 'DakSvIG2Wm', '2024-10-17 14:09:23', '2024-10-17 14:09:23'),
(46, 'Rose Reinger', 'claudie00@example.org', '7S5VHRYHZY', 'katlyn07', 'student', NULL, NULL, 'http://localhost/global_assets/images/user.png', NULL, NULL, NULL, NULL, NULL, NULL, NULL, NULL, '$2y$12$w0DL2fkNkemE1ku8bBYxu.2g3TCnTAtwrHwZM.cmFncAufbjZsmz2', 'A9sJZArjqZ', '2024-10-17 14:09:24', '2024-10-17 14:09:24'),
(47, 'Mr. Laurel Littel IV', 'veum.aurore@example.net', 'RKQEUQK9GK', 'stanley79', 'student', NULL, NULL, 'http://localhost/global_assets/images/user.png', NULL, NULL, NULL, NULL, NULL, NULL, NULL, NULL, '$2y$12$w0DL2fkNkemE1ku8bBYxu.2g3TCnTAtwrHwZM.cmFncAufbjZsmz2', 'TwOBOEhFja', '2024-10-17 14:09:24', '2024-10-17 14:09:24'),
(48, 'Vidal Schuster', 'lurline.howe@example.com', 'Z2LYINKGCN', 'herman.silas', 'student', NULL, NULL, 'http://localhost/global_assets/images/user.png', NULL, NULL, NULL, NULL, NULL, NULL, NULL, NULL, '$2y$12$w0DL2fkNkemE1ku8bBYxu.2g3TCnTAtwrHwZM.cmFncAufbjZsmz2', 'QrPvF1HH6U', '2024-10-17 14:09:24', '2024-10-17 14:09:24'),
(49, 'Dan Lueilwitz', 'thompson.freida@example.net', 'RO0VSRNGX1', 'cortiz', 'student', NULL, NULL, 'http://localhost/global_assets/images/user.png', NULL, NULL, NULL, NULL, NULL, NULL, NULL, NULL, '$2y$12$N50G3nksyiySfr38Bb/gsujD7bmbWBSTgN.2TvzY2OhZt41nXxgm6', '01HXKZBxVq', '2024-10-17 14:09:25', '2024-10-17 14:09:25'),
(50, 'Daphne Considine', 'shanie90@example.com', 'COM9NEDQZO', 'destiny.hegmann', 'student', NULL, NULL, 'http://localhost/global_assets/images/user.png', NULL, NULL, NULL, NULL, NULL, NULL, NULL, NULL, '$2y$12$N50G3nksyiySfr38Bb/gsujD7bmbWBSTgN.2TvzY2OhZt41nXxgm6', 'wGvjy4Oz15', '2024-10-17 14:09:25', '2024-10-17 14:09:25'),
(51, 'Kelvin Bogisich', 'habbott@example.com', '4WNLXTEXTG', 'kavon19', 'student', NULL, NULL, 'http://localhost/global_assets/images/user.png', NULL, NULL, NULL, NULL, NULL, NULL, NULL, NULL, '$2y$12$N50G3nksyiySfr38Bb/gsujD7bmbWBSTgN.2TvzY2OhZt41nXxgm6', 'Y7NnFXZFSM', '2024-10-17 14:09:25', '2024-10-17 14:09:25'),
(52, 'Arturo Medhurst Jr.', 'brandon.wolff@example.net', 'CC8FO5UBLG', 'rkoss', 'student', NULL, NULL, 'http://localhost/global_assets/images/user.png', NULL, NULL, NULL, NULL, NULL, NULL, NULL, NULL, '$2y$12$YGNfZMcHBVymP9WPGQ1fx.96exdskRw.J/ttYTJ2kBU9uxbQXjuZW', 'TF7bg2amzs', '2024-10-17 14:09:26', '2024-10-17 14:09:26'),
(53, 'Lysanne Herman DDS', 'veum.gregorio@example.org', 'DRDYFMUUQS', 'reinger.shanny', 'student', NULL, NULL, 'http://localhost/global_assets/images/user.png', NULL, NULL, NULL, NULL, NULL, NULL, NULL, NULL, '$2y$12$YGNfZMcHBVymP9WPGQ1fx.96exdskRw.J/ttYTJ2kBU9uxbQXjuZW', 'mGuP0Ah3k8', '2024-10-17 14:09:26', '2024-10-17 14:09:26'),
(54, 'Prof. Mohammed Torphy V', 'justus23@example.net', 'LQB0VN3R8C', 'wframi', 'student', NULL, NULL, 'http://localhost/global_assets/images/user.png', NULL, NULL, NULL, NULL, NULL, NULL, NULL, NULL, '$2y$12$YGNfZMcHBVymP9WPGQ1fx.96exdskRw.J/ttYTJ2kBU9uxbQXjuZW', 'WSsQrzEaQs', '2024-10-17 14:09:26', '2024-10-17 14:09:26');

-- --------------------------------------------------------

--
-- Table structure for table `user_types`
--

CREATE TABLE IF NOT EXISTS `user_types` (
  `id` int(10) UNSIGNED NOT NULL AUTO_INCREMENT,
  `title` varchar(255) NOT NULL,
  `name` varchar(255) NOT NULL,
  `level` varchar(255) NOT NULL,
  `created_at` timestamp NULL DEFAULT NULL,
  `updated_at` timestamp NULL DEFAULT NULL,
  PRIMARY KEY (`id`)
) ENGINE=InnoDB AUTO_INCREMENT=6 DEFAULT CHARSET=utf8mb4 COLLATE=utf8mb4_unicode_ci;

--
-- Dumping data for table `user_types`
--

INSERT INTO `user_types` (`id`, `title`, `name`, `level`, `created_at`, `updated_at`) VALUES
(1, 'accountant', 'Accountant', '5', NULL, NULL),
(2, 'parent', 'Parent', '4', NULL, NULL),
(3, 'teacher', 'Teacher', '3', NULL, NULL),
(4, 'admin', 'Admin', '2', NULL, NULL),
(5, 'super_admin', 'Super Admin', '1', NULL, NULL);

--
-- Constraints for dumped tables
--

--
-- Constraints for table `books`
--
ALTER TABLE `books`
  ADD CONSTRAINT `books_my_class_id_foreign` FOREIGN KEY (`my_class_id`) REFERENCES `my_classes` (`id`) ON DELETE CASCADE;

--
-- Constraints for table `book_requests`
--
ALTER TABLE `book_requests`
  ADD CONSTRAINT `book_requests_book_id_foreign` FOREIGN KEY (`book_id`) REFERENCES `books` (`id`) ON DELETE CASCADE,
  ADD CONSTRAINT `book_requests_user_id_foreign` FOREIGN KEY (`user_id`) REFERENCES `users` (`id`) ON DELETE CASCADE;

--
-- Constraints for table `exam_records`
--
ALTER TABLE `exam_records`
  ADD CONSTRAINT `exam_records_exam_id_foreign` FOREIGN KEY (`exam_id`) REFERENCES `exams` (`id`) ON DELETE CASCADE,
  ADD CONSTRAINT `exam_records_my_class_id_foreign` FOREIGN KEY (`my_class_id`) REFERENCES `my_classes` (`id`) ON DELETE CASCADE,
  ADD CONSTRAINT `exam_records_section_id_foreign` FOREIGN KEY (`section_id`) REFERENCES `sections` (`id`) ON DELETE CASCADE,
  ADD CONSTRAINT `exam_records_student_id_foreign` FOREIGN KEY (`student_id`) REFERENCES `users` (`id`) ON DELETE CASCADE;

--
-- Constraints for table `grades`
--
ALTER TABLE `grades`
  ADD CONSTRAINT `grades_class_type_id_foreign` FOREIGN KEY (`class_type_id`) REFERENCES `class_types` (`id`) ON DELETE CASCADE;

--
-- Constraints for table `lgas`
--
ALTER TABLE `lgas`
  ADD CONSTRAINT `lgas_state_id_foreign` FOREIGN KEY (`state_id`) REFERENCES `states` (`id`) ON DELETE CASCADE;

--
-- Constraints for table `marks`
--
ALTER TABLE `marks`
  ADD CONSTRAINT `marks_exam_id_foreign` FOREIGN KEY (`exam_id`) REFERENCES `exams` (`id`) ON DELETE CASCADE,
  ADD CONSTRAINT `marks_grade_id_foreign` FOREIGN KEY (`grade_id`) REFERENCES `grades` (`id`) ON DELETE SET NULL,
  ADD CONSTRAINT `marks_my_class_id_foreign` FOREIGN KEY (`my_class_id`) REFERENCES `my_classes` (`id`) ON DELETE CASCADE,
  ADD CONSTRAINT `marks_section_id_foreign` FOREIGN KEY (`section_id`) REFERENCES `sections` (`id`) ON DELETE CASCADE,
  ADD CONSTRAINT `marks_student_id_foreign` FOREIGN KEY (`student_id`) REFERENCES `users` (`id`) ON DELETE CASCADE,
  ADD CONSTRAINT `marks_subject_id_foreign` FOREIGN KEY (`subject_id`) REFERENCES `subjects` (`id`) ON DELETE CASCADE;

--
-- Constraints for table `my_classes`
--
ALTER TABLE `my_classes`
  ADD CONSTRAINT `my_classes_class_type_id_foreign` FOREIGN KEY (`class_type_id`) REFERENCES `class_types` (`id`) ON DELETE SET NULL;

--
-- Constraints for table `payments`
--
ALTER TABLE `payments`
  ADD CONSTRAINT `payments_my_class_id_foreign` FOREIGN KEY (`my_class_id`) REFERENCES `my_classes` (`id`) ON DELETE CASCADE;

--
-- Constraints for table `payment_records`
--
ALTER TABLE `payment_records`
  ADD CONSTRAINT `payment_records_payment_id_foreign` FOREIGN KEY (`payment_id`) REFERENCES `payments` (`id`) ON DELETE CASCADE,
  ADD CONSTRAINT `payment_records_student_id_foreign` FOREIGN KEY (`student_id`) REFERENCES `users` (`id`) ON DELETE CASCADE;

--
-- Constraints for table `pins`
--
ALTER TABLE `pins`
  ADD CONSTRAINT `pins_student_id_foreign` FOREIGN KEY (`student_id`) REFERENCES `users` (`id`) ON DELETE CASCADE,
  ADD CONSTRAINT `pins_user_id_foreign` FOREIGN KEY (`user_id`) REFERENCES `users` (`id`) ON DELETE CASCADE;

--
-- Constraints for table `promotions`
--
ALTER TABLE `promotions`
  ADD CONSTRAINT `promotions_from_class_foreign` FOREIGN KEY (`from_class`) REFERENCES `my_classes` (`id`) ON DELETE CASCADE,
  ADD CONSTRAINT `promotions_from_section_foreign` FOREIGN KEY (`from_section`) REFERENCES `sections` (`id`) ON DELETE CASCADE,
  ADD CONSTRAINT `promotions_student_id_foreign` FOREIGN KEY (`student_id`) REFERENCES `users` (`id`) ON DELETE CASCADE,
  ADD CONSTRAINT `promotions_to_class_foreign` FOREIGN KEY (`to_class`) REFERENCES `my_classes` (`id`) ON DELETE CASCADE,
  ADD CONSTRAINT `promotions_to_section_foreign` FOREIGN KEY (`to_section`) REFERENCES `sections` (`id`) ON DELETE CASCADE;

--
-- Constraints for table `receipts`
--
ALTER TABLE `receipts`
  ADD CONSTRAINT `receipts_pr_id_foreign` FOREIGN KEY (`pr_id`) REFERENCES `payment_records` (`id`) ON DELETE CASCADE;

--
-- Constraints for table `sections`
--
ALTER TABLE `sections`
  ADD CONSTRAINT `sections_my_class_id_foreign` FOREIGN KEY (`my_class_id`) REFERENCES `my_classes` (`id`) ON DELETE CASCADE,
  ADD CONSTRAINT `sections_teacher_id_foreign` FOREIGN KEY (`teacher_id`) REFERENCES `users` (`id`) ON DELETE SET NULL;

--
-- Constraints for table `staff_records`
--
ALTER TABLE `staff_records`
  ADD CONSTRAINT `staff_records_user_id_foreign` FOREIGN KEY (`user_id`) REFERENCES `users` (`id`) ON DELETE CASCADE;

--
-- Constraints for table `student_records`
--
ALTER TABLE `student_records`
  ADD CONSTRAINT `student_records_dorm_id_foreign` FOREIGN KEY (`dorm_id`) REFERENCES `dorms` (`id`) ON DELETE SET NULL,
  ADD CONSTRAINT `student_records_my_class_id_foreign` FOREIGN KEY (`my_class_id`) REFERENCES `my_classes` (`id`) ON DELETE CASCADE,
  ADD CONSTRAINT `student_records_my_parent_id_foreign` FOREIGN KEY (`my_parent_id`) REFERENCES `users` (`id`) ON DELETE SET NULL,
  ADD CONSTRAINT `student_records_section_id_foreign` FOREIGN KEY (`section_id`) REFERENCES `sections` (`id`) ON DELETE CASCADE,
  ADD CONSTRAINT `student_records_user_id_foreign` FOREIGN KEY (`user_id`) REFERENCES `users` (`id`) ON DELETE CASCADE;

--
-- Constraints for table `subjects`
--
ALTER TABLE `subjects`
  ADD CONSTRAINT `subjects_my_class_id_foreign` FOREIGN KEY (`my_class_id`) REFERENCES `my_classes` (`id`) ON DELETE CASCADE,
  ADD CONSTRAINT `subjects_teacher_id_foreign` FOREIGN KEY (`teacher_id`) REFERENCES `users` (`id`);

--
-- Constraints for table `time_slots`
--
ALTER TABLE `time_slots`
  ADD CONSTRAINT `time_slots_ttr_id_foreign` FOREIGN KEY (`ttr_id`) REFERENCES `time_table_records` (`id`) ON DELETE CASCADE;

--
-- Constraints for table `time_tables`
--
ALTER TABLE `time_tables`
  ADD CONSTRAINT `time_tables_subject_id_foreign` FOREIGN KEY (`subject_id`) REFERENCES `subjects` (`id`) ON DELETE CASCADE,
  ADD CONSTRAINT `time_tables_ts_id_foreign` FOREIGN KEY (`ts_id`) REFERENCES `time_slots` (`id`) ON DELETE CASCADE,
  ADD CONSTRAINT `time_tables_ttr_id_foreign` FOREIGN KEY (`ttr_id`) REFERENCES `time_table_records` (`id`) ON DELETE CASCADE;

--
-- Constraints for table `time_table_records`
--
ALTER TABLE `time_table_records`
  ADD CONSTRAINT `time_table_records_exam_id_foreign` FOREIGN KEY (`exam_id`) REFERENCES `exams` (`id`) ON DELETE CASCADE,
  ADD CONSTRAINT `time_table_records_my_class_id_foreign` FOREIGN KEY (`my_class_id`) REFERENCES `my_classes` (`id`) ON DELETE CASCADE;

--
-- Constraints for table `users`
--
ALTER TABLE `users`
  ADD CONSTRAINT `users_bg_id_foreign` FOREIGN KEY (`bg_id`) REFERENCES `blood_groups` (`id`) ON DELETE SET NULL,
  ADD CONSTRAINT `users_lga_id_foreign` FOREIGN KEY (`lga_id`) REFERENCES `lgas` (`id`) ON DELETE SET NULL,
  ADD CONSTRAINT `users_nal_id_foreign` FOREIGN KEY (`nal_id`) REFERENCES `nationalities` (`id`) ON DELETE SET NULL,
  ADD CONSTRAINT `users_state_id_foreign` FOREIGN KEY (`state_id`) REFERENCES `states` (`id`) ON DELETE SET NULL;
COMMIT;

/*!40101 SET CHARACTER_SET_CLIENT=@OLD_CHARACTER_SET_CLIENT */;
/*!40101 SET CHARACTER_SET_RESULTS=@OLD_CHARACTER_SET_RESULTS */;
/*!40101 SET COLLATION_CONNECTION=@OLD_COLLATION_CONNECTION */;
